path	family	owner	develop_authority	next_contract	resolution	tests	depends_on	reviewer	status
.githooks/validate-policy.sh	build-policy	branch and commit policy	f2b27262f merge-trailer exemption	fd3ddf2a9 merge-content candidates; b6e320958 Mod API coupling and next refs	Union merge exemption with next content-candidate, Mod API pin, published-history, and next/develop/master rules; retain deleted-path inspection	TestBuildToolingGuard policy, merge, link, and Mod API cases; shell/PowerShell parity	Mod API descriptor and pins; CI event matrix	conflict_ledger_independent_review	reviewed
.github/workflows/ci.yml	build-policy	CI workflow	a47cbc549 guards on develop pushes; ebcd673bd full history; 325e8be61 session artifacts	b6e320958 destination-aware Mod API gates and next events	Keep next events/destination gates; use authenticated wrapper sessions, manifest report roots, full-history guards job, and separate -Pguards	TestBuildToolingGuard CI destination, coordinator, guards, and lightweight-push assertions	pom.xml; test-session tooling; validate-policy.sh	conflict_ledger_independent_review	reviewed
.github/workflows/release.yml	build-policy	release workflow	d942dafe2 fixture isolation; 3fabe6cb9 skip classification; 16fda38bb guard sessions; 325e8be61 artifacts	b6e320958 destination-aware release gates plus next native, universal, and Mod SDK delivery	Retain next delivery surface; adopt session manifests, separate guards, classified skips, trace exclusions, and session-owned publication	TestBuildToolingGuard releaseWorkflow, nativeRelease, and modApiDestination cases	pom.xml; artifact roots; test-session tooling	conflict_ledger_independent_review	reviewed
pom.xml	build-policy	Maven lifecycle	a91bb4cbc session guards; 27fb583be session outputs; 16fda38bb guard isolation; 78c1ba833 direct launcher	448355a5 Mod SDK; 0818c73eb converters and scaffolding; next native, editor, time-attack, and multiplayer dependencies	Preserve next dependencies/plugins; adopt JDK21, authenticated session roots, per-fork LWJGL, ordinary/guards split, and explicit hook install; no lifecycle git mutation	TestBuildToolingGuard; package selection; -Pguards selection	TestSessionCoordinator; workflows; wrappers	conflict_ledger_independent_review	reviewed
CHANGELOG.md	release-docs	release index	a6c620137 split immutable release changelogs and current 0.6 index	ad6d7560f next release and feature history	Use develop index as normative; retain only current 0.7 roadmap/status links and move monolithic 0.7 prose to its owning release artifact	documentation policy and link checks	README.md; split release changelogs	conflict_ledger_independent_review	reviewed
README.md	release-docs	public scope and release summary	a17adaba5 official-freeze 0.6 status	84d9a3761 complete-chain 0.7 gates and roadmap links	Preserve current 0.6 scope/status plus still-true 0.7 roadmap links; remove stale duplicated ledger prose	TestBuildToolingGuard supportedDocumentationMustUseSessionsAndExplicitHookBootstrap; link checks	CHANGELOG.md; status documents	conflict_ledger_independent_review	reviewed
docs/S3K_KNOWN_DISCREPANCIES.md	release-docs	S3K discrepancy ledger	712fb57fb current audio/runtime closure	58c994daa next S3K runtime and 0.7 feature facts	Semantic union of unresolved facts; retain live Super-Emerald, late-route, and mod gaps and remove anything fixed on either parent	relevant S3K focused tests; TestArchitecturalSourceGuard documentation assertions	merged S3K and audio behavior	conflict_ledger_independent_review	reviewed
docs/status/known-discrepancies.md	release-docs	cross-game discrepancy ledger	98b725968 current S2 ROM-ordering facts	99ad8f6f2 S2 native competition and next 0.7 facts	Union still-live Mod API, competition, and time-attack facts with develop corrections; never restore a closed discrepancy	TestArchitecturalSourceGuard documentation assertions; affected S2 tests	merged production and focused outcomes	conflict_ledger_independent_review	reviewed
docs/status/rewind-round-trip-gaps.md	release-docs	rewind validation status	a0ef4ab8e intentional deletion of generated probe inventory	eb13f76d7 next Super-Emerald rewind inventory	Delete stale 981/815 probe snapshot; migrate only still-current unique 0.7 identity facts into current rewind guards or validation artifacts	TestRewindArchitectureGuard; rewind coverage, static-state, and reference-closure guards	final object inventory and rewind graph	conflict_ledger_independent_review	reviewed
docs/status/s3k-known-bugs.md	release-docs	S3K bug ledger	712fb57fb current audio/runtime closure	2dad85fc6 LBZ Big Arm and late-route state	Keep only still-reproducible union; retain live next late-route gaps and remove develop-closed bugs and duplicate discrepancies	affected S3K focused tests and trace status checks	Tasks 6 and 8 resolved behavior	conflict_ledger_independent_review	reviewed
tools/testing/README.md	build-policy	test-session documentation	f4b4fbe15 quiet wrapper contract; 0aad10255 isolated process harness	835470bdc frozen-next adapter plus authenticated inventory and aggregation contracts	Semantic add/add synthesis: official install-hooks, wrapper, manifest/log, and harness usage first; then frozen-next adapter, selector inventory, complete outcomes, partitions, and disjoint-parallel rule	TestBuildToolingGuard supportedDocumentationMustUseSessionsAndExplicitHookBootstrap; adapter matrix and seam inventory	wrappers; coordinator; pom.xml; frozen adapter	conflict_ledger_independent_review	reviewed
src/main/java/com/openggf/audio/AudioBackend.java	audio-interface	presentation/backend port	Observer and playback-policy ports from a6cc2ee55 and db42e0204	Streamed track/SFX port, override replay bypass, and Mod API from a4f0aade4, d6009b2b8, 448355a5b	Union interface defaults: keep streamed methods and Mod API; add admission/service/chip/contention observers and policy-bearing playSfxSmps with inert compatible defaults	TestStreamedBackendIntegration,TestNamespacedMusicRouting,TestAudioDiagnosticObservers,TestAudioBackendLifetime,TestModApiSignatureSurface	PresentationVoiceSnapshot,AudioPresentationCommand,AudioCommand,AbstractSmpsData,DacData	conflict_ledger_independent_review	reviewed
src/main/java/com/openggf/audio/presentation/AudioPresentationCommand.java	audio-value	presentation command queue	Cross-game override, SFX, and PCM policies from 6cdf3fc24, f0c784380, f93aebc70, 72eef3191	StreamedVoiceDescriptor and streamed state from d6009b2b8	Permit Streamed, Sample, and Smps; retain policy fields and compatibility constructors on ReplaceMusic, PushMusicOverride, ReplaceRawPcm, StopMusic, FadeMusic; copy enhanced Sample fields	TestAudioPresentationCommandQueue,TestAudioPresentationCommandResolver,TestSegaPcmCommandRouting,TestStreamedMusicPort	PresentationVoiceSnapshot	conflict_ledger_independent_review	reviewed
src/main/java/com/openggf/audio/presentation/PresentationVoiceSnapshot.java	audio-value	rewind/presentation snapshot	SampleRenderMode, synth snapshot, and last DAC frame from 72eef3191	Opaque Streamed playback snapshot from d6009b2b8	Use sealed union Smps/Sample/Streamed; retain extended Sample plus legacy constructor and Streamed validation	TestAudioPresentationSnapshotParity,TestSegaPcmCommandRouting,TestStreamedMusicPort	none	conflict_ledger_independent_review	reviewed
src/main/java/com/openggf/audio/rewind/AudioCommand.java	audio-value	logical audio timeline	Music-during-override, retrigger, and system-command policies from 6cdf3fc24 and f0c784380	ModApi annotations and PlayNamespacedMusic/PlayNamespacedSfx from 052643e18 and 448355a5b	Union all command variants/components and compatibility constructors; namespaced commands remain rewindable logical commands	TestAudioCommandTimeline,TestAudioLogicalSnapshot,TestNamespacedMusicRouting,TestModApiSignatureSurface	GameAudioProfile policy enums	conflict_ledger_independent_review	reviewed
src/main/java/com/openggf/audio/smps/AbstractSmpsData.java	audio-data	SMPS program view	Zero-copy SmpsProgramView and bounded materialization from 4188935eb, bb4b716a4, 05ac8e6dc	Public ModApi annotation from 448355a5b	Use develop implementation and view accessors with ModApi retained; do not restore mutable-array hot-path ownership	TestFrozenSmpsDataImmutability,TestSmpsRepeatedPlaybackBenchmark,TestSmpsDriverSnapshotDescriptorDedupPerformance,TestModApiSignatureSurface	none	conflict_ledger_independent_review	reviewed
src/main/java/com/openggf/audio/smps/DacData.java	audio-data	immutable DAC catalog	Cloned Sample/accessor model and S2 DPCM cadence/base-cycle correction from b26f6841f and 3313e6119	Public ModApi class, DacEntry, and legacy surface from 448355a5b	Keep final immutable internal model/accessors and S2 timing; preserve annotated API compatibility through safe copied legacy views and public DacEntry compatibility without exposing internal arrays	TestDacDataImmutability,TestRomAudioIntegration,TestAudioPresentationArchitectureGuard,TestModApiSignatureSurface	none	conflict_ledger_independent_review	reviewed
src/main/java/com/openggf/audio/presentation/AudioPresentationSourceFactory.java	audio-source-owner	factory/catalog	Immutable registered catalog, generation keys, playback policy, bounded admission rollback, transactional diagnostics from c4543425, 646a931db, 9b2ee57c, 05ac8e6dc, f5f3b959b	Streamed port/track/SFX recreation and standalone sources from d6009b2b8 and a4f0aade4	Base on develop catalog/diagnostic transactions; add streamed recreation at the same owner-thread boundary; never bypass generation/policy or emit diagnostics for discarded preparation	TestSmpsAssetCatalog,TestSmpsSfxAdmissionAllocation,TestAudioDiagnosticObservers,TestAudioPresentationSourceParity,TestStreamedBackendIntegration	AudioPresentationCommand,PresentationVoiceSnapshot,AbstractSmpsData,DacData	conflict_ledger_independent_review	reviewed
src/main/java/com/openggf/audio/AbstractSmpsAudioBackend.java	audio-backend	producer/backend bridge	Registered playback policy, repeated S3K service cadence, priority latch, S1 SFX persistence, observers from c4543425, 44cdae3ee, 9b2ee57c, 646a931db, a6cc2ee55	Streamed port install/play/reset/bypass and one-shot pool from a4f0aade4 and d6009b2b8	Compose streamed routing ahead of stock fallback without replacing SMPS registration/admission/service observers; preserve replay bypass and teardown/reset; no singleton ownership	TestStreamedBackendIntegration,TestAudioManagerSfxCatalogReuse,TestAudioDiagnosticObservers,TestS3kVoiceResolution,TestSonic3kSmpsMetaCommandOperands	AudioBackend,AudioPresentationCommand,AudioPresentationSourceFactory	conflict_ledger_independent_review	reviewed
src/main/java/com/openggf/audio/AudioManager.java	audio-orchestrator	logical audio/session owner	Atomic ROM/policy/catalog publication, synchronized donor reset, command policies, diagnostics from c1bd7a68f, c92a0ebf1, 6cdf3fc24, f0c784380, f93aebc70, 2385087ab, 05ac8e6dc	Mod lifecycle, streamed namespace/invalidation, standalone sound test, single 1-up slot and override stack from 08500042d, 052643e18, a4f0aade4, aa3fee58d, c4af7f072	Use develop lifecycle/policy core; retain streamed/mod APIs and 1-up semantics; route through timeline/presentation and reset atomically with session/backend; preserve standalone isolation	TestAudioPresentationBoundary,TestLiveRewindManagerAudioCleanup,TestMusicOverrideRestore,TestNamespacedMusicRouting,TestStreamedBackendIntegration,TestAudioManagerResetState,TestAudioDiagnosticObservers,TestModApiSignatureSurface	All other audio rows	conflict_ledger_independent_review	reviewed
src/main/java/com/openggf/GameLoop.java	runtime-loop	top-level mode/frame coordinator	Live S2SS slowdown, trace-free pacing, data-select and special-stage launch order from c83b3f794, a69c257a2, 16865265a, dccea9ed0	Typed reward requests/HPZ origin, mod notice, time attack/multiplayer, observation pacing from 257a880f1, eb13f76d7, 4a6b7dc00	Preserve next modes/features but splice ROM frame ordering into matching branches; typed request retains armed-next-frame and level-advance edge; production fade/audio/hardware owners remain authoritative	TestGameLoop,TestGameLoopSpecialStageEntryRequest,Sonic2SpecialStageBootstrapCadenceTest,TestSonic2SpecialStageRewindSnapshot,TestTimeAttackRuntime,TestMultiplayerRaceCoordinator,TestGameLoopAudioPresentationModes	LevelTransitionCoordinator,LevelManager,SpriteManager,AudioManager	conflict_ledger_independent_review	reviewed
src/main/java/com/openggf/camera/Camera.java	camera	camera lifecycle/rewind	Live bottom clamp/wrap, setX/setY render-copy publication, obsolete deferred-maxY removal from 2bb652022, 06d94a6d7, a283f275d	ModApi; screen-event copy words/current-boundary setters, forced-coordinate scroll, custom max-X claim used by next callers including 75758d198	Retain public/caller-required copy/current-boundary/custom-easing and forced synthetic-record behavior; incorporate clamp/wrap and publication; omit setMaxYAfterNextUpdate only if caller scan stays empty; align snapshot	TestCamera,TestCameraForcedScroll,TestCameraRewindSnapshot,TestModApiSignatureSurface	Level events,CameraSnapshot	conflict_ledger_independent_review	reviewed
src/main/java/com/openggf/game/AbstractLevelEventManager.java	event-boundary	level-event base	cameraOrNull() and gameService() guard-compliant seams from ccaf39512	Ordered main-then-sidekicks playerQuery() from 1c8bb0e60	Retain all three protected helpers; playerQuery uses boundary-approved camera/sprite access and subclasses avoid direct singleton lookup	TestZoneEventRuntimeAccessGuard,TestLevelEventRewindSnapshot,TestPoweredScreenAttack	ObjectPlayerQuery	conflict_ledger_independent_review	reviewed
src/main/java/com/openggf/game/rules/PowerUpRules.java	game-rules	typed game-wide rule owner	ROM-cited water-splash/super-star fixed SST slots and speed-shoes final movement frame from ca67b11a9, 9f0380787, 2a9feefe9	Public ModApi record from 448355a5b	Retain expanded components/docs and ModApi; update every stock/mod constructor positionally; no game-name carve-outs	TestPerGameRuleArchitectureGuard,TestModApiSignatureSurface	GameRules constructors and mod providers	conflict_ledger_independent_review	reviewed
src/main/java/com/openggf/level/BigRingReturnState.java	transition-state	Save_Level_Data2 semantic snapshot	Elemental shield semantics, ROM timer phase, camera-max-before-update from 3d4247c7b and 641467596	ModApi superset with extra-life/status/apparent-zone/full-screen/origin/checkpoint/star-post from 1b65b0769 and eb13f76d7	Preserve next public shape and extra state but apply savedSeconds*60-1 timer phase, camera ordering, semantic shield restore; avoid duplicate timer/shield authorities; keep explicit checkpoint restore	TestS3kAiz1SpecialStageReturn,TestS3kSpecialStageReturnWaterRestore,TestBonusStageShieldRestore,TestGameLoopSpecialStageEntryRequest,TestModApiSignatureSurface	LevelTransitionCoordinator,PersistentRespawnState	conflict_ledger_independent_review	reviewed
src/main/java/com/openggf/level/LevelData.java	level-identity	stock ROM level table	Correct 24-zone/two-act S3K table and start coordinates including $1601 HPZ/$1701 arena from d0adf796b	LevelDescriptor seam and sanctuary caller identity from 33dc7b981 and 82b096603	Use develop table values/names and implement LevelDescriptor; adapt sanctuary callers to S3K_SPECIAL_STAGE_ARENA/HPZ instead of inaccurate alias unless API guard requires deprecated compatibility	TestSonic3kLevelLoading,TestSonic3kNonlinearHpzProfile,TestS3kHpzSanctuaryHeadless,TestModApiSignatureSurface	Sanctuary caller adaptations	conflict_ledger_independent_review	reviewed
src/main/java/com/openggf/level/LevelTransitionCoordinator.java	transition-state-machine	request/saved-transition state	Armed-entry next-frame plus specialStageEntryAdvancesLevel, persistent respawn/ring and last-star-post from 641467596, 6444837e7, 6c8b6c208	Typed SpecialStageEntryRequest, sanctuary origin/context, synchronous screen event, time-attack return from 82b096603, 4a6b7dc00, eb13f76d7	Union fields/APIs; typed armed request preserves one-frame delay and one-shot level-advance; save/clear BigRing and respawn atomically; reset every flag	TestLevelTransitionCoordinator,TestLevelTransitionCoordinatorPeeks,TestBonusStageTransitionCoordinator,TestGameLoopSpecialStageEntryRequest,TestS3kHpzGraphRewind	BigRingReturnState,PersistentRespawnState	conflict_ledger_independent_review	reviewed
src/main/java/com/openggf/level/objects/PersistentRespawnState.java	transition-value	Respawn_table_keep snapshot	Four-table remembered/stay-active/destroyed-in-window/ring-status model from 641467596, 72a707014, 6444837e7	ModApi and defensive cloning from 75aa6a45c and f482ce086	Use four-array record with legacy constructors and withRingStatusBits; annotate ModApi; clone every array on construction and access	TestPersistentRespawnDestroyLatchRoundTrip,TestObjectManagerLifecycle,TestLevelManager,TestModApiSignatureSurface	none	conflict_ledger_independent_review	reviewed
src/main/java/com/openggf/level/LevelManager.java	level-orchestrator	load/transition/runtime assembly	In-frame rewind clamp, omitted-title art, respawn/ring preservation, sidekick collision path from 33d6ea73e, 394655ea1, 6444837e7, 38e50f87a	LevelDescriptor/mod runtime, progression, sanctuary, time attack, synchronous/seamless carry, transition SST, custom art/palette from 33dc7b981, 82b096603, 4a6b7dc00, eb13f76d7	Retain extensible pipeline; integrate fixes at lifecycle points: pre-placement respawn restore, leader path, title-art ownership, rewind boundary; no singleton/data-source shortcuts	TestLevelSeamlessTransitionExecutor,TestLevelManagerDeferredResourceLoading,TestActTransitionHeadless,TestTraceSessionLauncherRewindPresentation,TestS3kAiz1SpecialStageReturn,TestS3kSidekickIntroPresentationGate,TestModApiSignatureSurface	Camera,BigRingReturnState,LevelData,LevelTransitionCoordinator,PersistentRespawnState,ObjectManager,RingManager,SpriteManager,AudioManager	conflict_ledger_independent_review	reviewed
src/main/java/com/openggf/level/objects/ObjectManager.java	object-runtime	SST execution/lifetime owner	V-int counter, ObjectLoopSlotBudget, CPZ counter clobber, slot retirement, standing/pushing expiry, AIZ layering from 3c677fbd6, d9aa72b7b, 104223d83, 0579adc14, 70902abec	ModApi, callback fault boundary/router, configurable slot/retirement/population/rewind, transition SST and powered behavior from 75aa6a45c, 75758d198, eb13f76d7	Preserve public extensions/collaborators; incorporate exact loop-budget/vbla and release ordering inside them; route mod callbacks through fault boundary; no double retirement or second clock	TestObjectManagerLifecycle,TestObjectManagerRewindSnapshot,TestCPZObjectBugs,TestAiz2BossEndSequenceObjects,TestArchitecturalSourceGuard,TestModApiSignatureSurface	ObjectSolidContactController,ObjectTouchResponseController,PersistentRespawnState,SpriteManager	conflict_ledger_independent_review	reviewed
src/main/java/com/openggf/level/objects/ObjectSolidContactController.java	collision	solid-contact/latch owner	Solid_SideAir release, unconditional push-bit clear, per-slot standing/pushing expiry from e66f90801, e50418388, 104223d83, 0579adc14	Batched multi-player/sloped resolver, callback fault isolation, Mod API 2.5 extensions from 75aa6a45c	Keep aggregate multi-player architecture and callback routing, then apply ROM release tail once per player/object slot; expire owner keys on slot replacement, not object equality	TestObjectSolidContactController,TestScriptedVelocityAnimationProfile,TestAutomaticTunnelObjectInstance,TestArchitecturalSourceGuard,TestModApiSignatureSurface	ObjectManager callback and slot APIs	conflict_ledger_independent_review	reviewed
src/main/java/com/openggf/level/objects/ObjectTouchResponseController.java	collision	touch scan/reaction owner	MonkeyDude facing anchor and object-owned kill/bounce/push-release timing from 1f37ab726, b31069c3f, 0579adc14	Callback routing, ordered player query, powered screen attack and shield/special reactions from 4a6b7dc00 and 75758d198	Retain feature/category scan and callback isolation; integrate per-frame ENEMY/anchor/release behavior without consumed-once latches; snapshot slot identities before mutating callbacks	TestTouchResponseManager,TestObjectTouchResponseRewindCapture,TestPoweredScreenAttack,TestMonkeyDudeBadnikInstance,TestArchitecturalSourceGuard	ObjectManager,ObjectSolidContactController	conflict_ledger_independent_review	reviewed
src/main/java/com/openggf/level/rings/LostRingObjectInstance.java	rings	spilled-ring SST owner	S3K ring priority and bucket from a37a4a55d	Centralized foreground/background provider, native spill phase, deferred first physics, render Y margin from bee93dd9b and f4915d03e	Use next collision/phase/lifecycle and add isHighPriority plus bucket 3; do not restore duplicated background-plane coordinate math	TestLostRingObjectInstance,TestFbzRingBackgroundCollision,TestLostRingTouchOrdering,TestS3kIczZoneSliceTraceReplay	RingRules,ObjectServices,RingManager	conflict_ledger_independent_review	reviewed
src/main/java/com/openggf/level/rings/RingManager.java	rings	stage/lost/attracted ring owner	Capture/restore ROM Ring_status_table under Respawn_table_keep from 6444837e7 and 576b4c177	Refactored placement/renderer/lost pool, object-slot allocation, rewindable attracted rings/native dispatch from beb7b64c1, 4652da553, 15accb4f4	Retain next architecture and add capture/restore against collected BitSet; restore before placement reset, clone input, preserve sparkle/active-index invariants	TestRingManagerRewindSnapshot,TestRingManagerActiveIndices,TestStageRingsTouchCollectionRule,TestPersistentRespawnDestroyLatchRoundTrip	PersistentRespawnState,LevelManager,LostRingObjectInstance	conflict_ledger_independent_review	reviewed
src/main/java/com/openggf/sprites/animation/SpriteAnimationScript.java	animation-value	parsed ROM animation script	Unchecked flat read via captured trailing bytes from ffffd8bc8	Public ModApi annotation from 448355a5b	Use five-component record, four-arg compatibility constructor, flatByteAt, and ModApi; parsers populate trailing window while synthesized scripts default empty	TestAnimationTranslator,TestPlayableSpriteAnimation,TestModApiSignatureSurface	Animation parsers and callers	conflict_ledger_independent_review	reviewed
src/main/java/com/openggf/sprites/managers/PlayableSpriteMovement.java	movement	player movement dispatch	S2 spindash rev, S1 hurt-stop walk, load angle reset, landing/spindash ownership, push status from a15673010, 4220319f2, 5b57e349d, 678c6a93f, 3e093d6be	Injected service/callback boundaries, gameplay-team/mod behavior, Hyper abilities and sanctuary flow from 75758d198, 1b65b0769, eb13f76d7	Retain next feature/service structure; port ROM fixes into matching mode phases with exact pre/post movement and audio order; no trace/zone carve-outs	TestPlayableSpriteMovement,TestPlayableSpriteAnimation,TestSonic2SpindashRevRequest,TestDeathRestartRoutineParity,TestSonic3kSuperTransformationEligibility,TestPlayableRuntimeAccessGuard	PowerUpRules,Camera,ObjectSolidContactController,AudioManager	conflict_ledger_independent_review	reviewed
src/main/java/com/openggf/sprites/managers/SpriteManager.java	sprite-runtime	playable/fixed-slot/input/render dispatch	Object-loop-gated fixed slots, main-Tails ownership, pre-move Super check, intro suppression, hurt display latch from d9aa72b7b, f19994467, 1991e33ba, ec4bbf395	Chord Super/Hyper/Super-Emerald debug, session input filter, callback router, Mod API and post-object seams from 4a9f02b6c, 3221df3f0, 75aa6a45c	Preserve filtered-input publication/chords/callback safety/public seams; integrate exact fixed-slot gate/order, main Tails, transform phase, presentation latches; filter once per logical sample	TestSpriteManagerGameplayInputFilter,TestSpriteManagerMainTailsTailsDispatch,TestInitialPlayableProcessSpritesPass,TestS3kSidekickIntroPresentationGate,TestSpriteManagerDebugEmeraldGrant,TestModApiSignatureSurface	ObjectManager,PlayableSpriteMovement	conflict_ledger_independent_review	reviewed
src/main/java/com/openggf/trace/replay/runs/TraceRunPresentationClosure.java	trace-runtime	bounded-run presentation closure	Fade through GameRuntimeContext.updateFade from ccaf39512	Caller-injected Runnable fadeUpdate from next merge lineage	Retain three-argument API and null validation; production callers pass context::updateFade, never context.getFadeManager()::update; preserve hardware/PLC closure ordering	AbstractRunChainTest,TestZoneEventRuntimeAccessGuard,TestArchitecturalSourceGuard	GameLoop caller	conflict_ledger_independent_review	reviewed
src/main/java/com/openggf/game/sonic1/events/Sonic1FixedTitleCardManager.java	S1 title-card PLC	Sonic1LevelEventManager composition	Constructor-injected Sonic1PlcService supplier avoids static runtime lookup (ccaf39512).	Current zone/event service routing retained through next merge 276ee9a7d.	Keep develop constructor injection; pass () -> gameService(Sonic1PlcService.class); do not restore GameServices.module lookup.	TestSonic1PlcProducerCoverage; TestTitleCardObjectExecution	Sonic1LevelEventManager; Sonic1PlcService	conflict_ledger_independent_review	reviewed
src/main/java/com/openggf/game/sonic1/events/Sonic1LevelEventManager.java	S1 level events	Sonic1LevelEventManager	Instance-owned cameraOrNull/gameService access and injected title-card PLC supplier (ccaf39512).	Focused-player pit-death authority and team transition locking (1775c8e47; 7524de70c; b9a1e357a).	Use develop service access/construction while retaining focused-sprite check and Sonic1ZoneEvents.lockPlayersForTransition(progressionOwner).	TestSonic1EndingMultiSidekick; TestSonic1Sbz3TransitionAuthority; TestSonic1LevelEventRewindSnapshot	AbstractLevelEventManager; Sonic1FixedTitleCardManager; Sonic1ZoneEvents	conflict_ledger_independent_review	reviewed
src/main/java/com/openggf/game/sonic2/Sonic2Level.java	S2 level resources	Sonic2Level	Exact decompressed zoneTileArtByteSize including overlay final KosDec for ROM $1000 upload cadence (8695c029e).	ModLevel/in-memory construction and additive registry loading (b0948d772; 052643e18; c6b94867b).	Retain next builders/decoders; publish develop byte size on every ROM/overlay path and derive in-memory size from supplied pattern payload.	TestSonic2LevelInMemoryConstruction; TestSonic2VisibleTitleReleasePlcOrdering	Sonic2 TitleCardManager; ModLevel; level loaders	conflict_ledger_independent_review	reviewed
src/main/java/com/openggf/game/sonic2/objects/BridgeObjectInstance.java	S2 Obj11 bridge	BridgeObjectInstance	ROM width $80, real segment SST children, slot order, unload and rewind relink (a4dc33cbb; 99c1e3c8c; 0083503ac).	Arbitrary-sidekick depression/balance state with identity-stable promotion (b3c754175).	Base on develop geometry/child graph; layer next participant policy and extension state without changing allocation order or rewind links.	TestS2BridgeMultiSidekick; bridge graph rewind tests	BridgeSegment; ObjectManager; rewind identity; player participation policy	conflict_ledger_independent_review	reviewed
src/main/java/com/openggf/game/sonic2/titlecard/TitleCardManager.java	S2 title-card timing	TitleCardManager	ROM compound PLC loop, lag gates, zone-art VBlanks, leave cadence and rewind tail (bf6c31dfc; 8695c029e; 6da1001f6; 549166da7; 23b675c9a; 34395e634; 17c200739).	Registry names and configurable mod-zone card suppression (2f3b0d016).	Use develop state machine as timing authority; integrate ZoneRegistry supplier, ZoneKey.Mod skip predicate and display name only at setup/presentation seams.	TestSonic2VisibleTitleReleasePlcOrdering; TestModZoneTitleCardPolicy; TestSonic2TitleCardManagerRewind	Sonic2Level.zoneTileArtByteSize; PLC; ZoneRegistry	conflict_ledger_independent_review	reviewed
src/main/java/com/openggf/game/sonic3k/Sonic3kGameModule.java	S3K module composition	Sonic3kGameModule	Session-owned Sonic3kGlobalAnimationState preserves AIZ_vine_angle across level reconstruction (c8ba735a5; ChangeRingFrame).	Mod-zone adapter, custom palette bridge, additive resources and placement encoding (7108f2478; 326831131; 3ffac6fd3).	Construct Sonic3k(rom, globalAnimationState) while retaining next adapter/resource APIs and active-game bridge; never reset global animation on level load.	TestGameModuleProviderLifetimes; TestS3kModZoneAdapter; AIZ vine tests	Sonic3k; Sonic3kModZoneAdapter; S3kCustomZonePaletteBridge	conflict_ledger_independent_review	reviewed
src/main/java/com/openggf/game/sonic3k/Sonic3kLevelEventManager.java	S3K central events	Sonic3kLevelEventManager	Intro sidekick suppression and corrected CNZ publication/next-dispatch worker cadence (ec4bbf395; ebf19c2e5).	FBZ runtime/rewind, HPZ screen event, powered forms, Big Arm, fixed MHZ object and complete-run restoration (82b096603; f4915d03e; 2dad85fc6).	Retain next expanded bridges; add primeSidekickIntroPresentation at init/bootstrap and preserve develop one-dispatch CNZ latch.	TestS3kSidekickIntroPresentationGate; TestSonic3kCnzRuntimeStateRegistration; FBZ lifecycle/rewind; LBZ Big Arm tests	ZoneRuntimeRegistry; title card; SidekickCpuController; FBZ/LBZ bridges	conflict_ledger_independent_review	reviewed
src/main/java/com/openggf/game/sonic3k/Sonic3kZoneFeatureProvider.java	S3K zone policy/render	Sonic3kZoneFeatureProvider	Explicit ROM title-card suppression for Current_zone_and_act $1701 arena restart (b902442f3; loc_62B6).	FBZ boss-plane renderer/features and nonlinear HPZ resource profile (82b096603; e3ee9235f).	Keep next render registration; suppress zone 23 act 1 explicitly via ZONE_DEZ_BOSS_SS_ARENA and retain profile suppression only for separate nonlinear resources.	TestSonic3kNonlinearHpzProfile; TestS3kAdvancedRenderModeRegistration; TestSonic3kZoneFeatureProvider	Sonic3kZoneIds; Sonic3kLevelResourceProfile; FbzBossPlaneRenderMode	conflict_ledger_independent_review	reviewed
src/main/java/com/openggf/game/sonic3k/Sonic3kZoneRegistry.java	S3K stock zone table	Sonic3kZoneRegistry	Exact ROM 24-row by two-act LevelPtrs/LevelSizes/LevelMusic_Playlist shape (d0adf796b).	LevelDescriptor seam and Super Emerald sanctuary resources (33dc7b981; 82b096603).	Use develop 24x2 table and music IDs with LevelDescriptor typing; retain zone 22 act 0 LRZ boss, act 1 HPZ, and zone 23 arena.	TestSonic3kLevelLoading; TestSonic3kNonlinearHpzProfile; mod-zone tests	Sonic3kZoneIds; LevelData; Sonic3kLevelResourceProfile	conflict_ledger_independent_review	reviewed
src/main/java/com/openggf/game/sonic3k/audio/smps/Sonic3kCoordFlagHandler.java	S3K SMPS interpreter	Sonic3kCoordFlagHandler	Immutable SmpsProgramView reads, loop/envelope access and temporary-track restoreMusic (7e8f4b68b; bb4b716a4; be1391ca8).	Syntax-only skip-width boundary for unsupported SND_CMD, MUS_PAUSE and COPY_MEM (c4b438bcf).	Keep develop SmpsProgramView implementation and restoreMusic; reapply next meta-command byte consumption without unsupported side effects.	TestSonic3kCoordFlagParity; TestAudioPresentationSnapshotParity; restore-music tests	CoordFlagContext; SmpsProgramView	conflict_ledger_independent_review	reviewed
src/main/java/com/openggf/game/sonic3k/constants/Sonic3kConstants.java	S3K ROM address catalogue	Sonic3kConstants	Verified Map_FBZDEZPlayerLauncher and Map_LRZCollapsingBridge addresses (68688a613; 2ce900644).	HPZ/Super Emerald, powered-form, FBZ and Big Arm/final-boss constants (82b096603; 1b65b0769; 75758d198; 2dad85fc6).	Take additive union, deduplicate launcher constant, prefer S&K-half addresses except documented direct S3-half references.	Focused art/PLC/HPZ/FBZ/Big Arm tests	Object art providers; PLC registries; zone objects	conflict_ledger_independent_review	reviewed
src/main/java/com/openggf/game/sonic3k/constants/Sonic3kZoneIds.java	S3K ROM zone identity	Sonic3kZoneIds	TOTAL_ZONE_COUNT=24 with scene/competition rows and zone 22/23 identities (d0adf796b; LevelPtrs).	Locked-on S&K-side predicate for giant rings and Super Emerald progression (82b096603; 6fe6b86a0).	Adopt develop IDs/count; retain isSkSideZone as zone >= 7 or zone == 4; keep zone 22 HPZ alias and zone 23 arena.	TestSonic3kNonlinearHpzProfile; TestSonic3kSSEntryRingFormation	Sonic3kZoneRegistry; SSEntry objects; data select	conflict_ledger_independent_review	reviewed
src/main/java/com/openggf/game/sonic3k/dataselect/S3kDataSelectProfile.java	S3K data-select policy	S3kDataSelectProfile	Exact exit transition EnterSS, fade $28, delay 6, one dispatch (dccea9ed0).	Keyed stock/mod-zone saves and registry-driven resolution (73fc42c2d).	Keep next payload/ZoneKey resolution; add develop exitTransition; align stock bounds to 24-row registry and reject non-playable rows through registry policy.	TestS3kDataSelectProfile; TestS3kDataSelectManager; TestS3kModZoneLifecycle	ZoneRegistry; S3kSavedZone; DataSelectExitTransition	conflict_ledger_independent_review	reviewed
src/main/java/com/openggf/game/sonic3k/events/Sonic3kLBZEvents.java	LBZ events/runtime	Sonic3kLBZEvents	Make_LevelSizeObj children execute first zero-accumulator entry in creation pass; no precharge/skip (237477f25; AllocateObjectAfterCurrent).	Big Arm targets, PLC, timed shake, three-worker state and rewindable late route (2dad85fc6).	Retain next APIs/state but remove creation precharge and marker-only skip; run newly allocated workers in the same ascending object pass.	TestSonic3kLbzBigArmTransitionBridge; TestSonic3kLbzRewindRoundTrip; final-boss route	LbzZoneRuntimeState; Big Arm event bridge	conflict_ledger_independent_review	reviewed
src/main/java/com/openggf/game/sonic3k/objects/AizEndBossInstance.java	AIZ2 boss/cutscene	AizEndBossInstance	BossDefeated waits $3F and (2*60)-1 plus button-before-bridge SST order (498f0e34e; 7ac42da93; Wait_FadeToLevelMusic).	Runtime-state publication, rewind and viewport-safe integration hooks (c29690969 plus next merges).	Keep next runtime-state/graph behavior; use develop two-stage timers and allocate button before bridge; publish actual slot relationship.	TestAizEndBossInstance; TestAiz2BossEndSequenceObjects; TestS3kAizEndBossGraphRewind; TestAizEndBossDebrisWidescreen	AizZoneRuntimeState; cutscene button/bridge; rewind graph	conflict_ledger_independent_review	reviewed
src/main/java/com/openggf/game/sonic3k/objects/AutoSpinObjectInstance.java	S3K traversal trigger	AutoSpinObjectInstance	Native CPU P2 in ROM fly/swim routine 4 is skipped, preserving its flight/carry owner (5d32b0a0e; Tails_CPU_routine).	Arbitrary participants with identity-stable crossing state across native-P2 promotion (27c03604b).	Retain next participant/state machinery; gate native-P2 crossing with isInRomFlySwimCpuRoutine while preserving state and object lifetime.	TestAutoSpinObjectInstance; TestFbzSharedObjectSubtypes; TestS3kUtilityMotionRewind	SidekickCpuController; ObjectPlayerParticipationPolicy	conflict_ledger_independent_review	reviewed
src/main/java/com/openggf/game/sonic3k/objects/HCZBreakableBarObjectInstance.java	HCZ bar capture	HCZBreakableBarObjectInstance	Release requires fresh A/B/C press from Ctrl_1 low pressed byte, never held input (4ca4c7c34).	Arbitrary-sidekick capture maps, promotion/demotion, cleanup and rewind state (9bfb67839).	Keep next CaptureState architecture; use isRawControllerJumpJustPressed for native and extension releases.	TestHCZBreakableBarObjectInstance; TestS3kHczWaterRushGraphRewind	ObjectPlayerQuery; RewindStateful	conflict_ledger_independent_review	reviewed
src/main/java/com/openggf/game/sonic3k/objects/HczMinibossInstance.java	HCZ miniboss	HczMinibossInstance	BossDefeated literal $3F and consumed install dispatch before first decrement (660fee183; loc_6ACA6).	Arbitrary-sidekick vortex cleanup, bubble subpixel motion and rocket/graph rewind (f73e79a97; 27c03604b).	Retain next participant/rewind graph; use BOSS_DEFEATED_WAIT=0x3F and pendingDefeatDispatch so countdown begins next pass.	TestHczMinibossMultiSidekick; TestHczMinibossVortexBubbleMotion; TestHczMinibossRocketTouchRewind	AbstractBossInstance; vortex controls; rewind graph	conflict_ledger_independent_review	reviewed
src/main/java/com/openggf/game/sonic3k/objects/S3kHiddenMonitorInstance.java	Hidden monitor range/position	S3kHiddenMonitorInstance	ROM word_8379E cumulative unsigned windows (7b436df12; Obj_HiddenMonitorMain).	RomWorldPositionedObject mutable coordinates for transition/mod placement offsets (7807060ea; 15accb4f4).	Retain mutable monitorX/Y and offset hook; use unsigned cumulative X [-$E,+$E) and Y [-$80,+$40) range helper.	TestS3kHiddenMonitorInstance; TestS3kUtilityObjectRewind; FBZ route tests	Signpost lookup; RomWorldPositionedObject	conflict_ledger_independent_review	reviewed
src/main/java/com/openggf/game/sonic3k/objects/Sonic3kInvisibleBlockObjectInstance.java	Invisible solid compatibility	Sonic3kInvisibleBlockObjectInstance	ROM object-code-pointer high word $0001 for sidekick interact behavior (b3bfbcb27; Obj_InvisibleBlock; sub_13EFC).	Mutable RomWorldPositionedObject coordinates for placement offsets and FBZ transitions (15accb4f4 plus next merges).	Implement both interfaces; use mutable x/y for debug and solid geometry; preserve romObjectCodePointerHighWord=0x0001 and shifted rewind position.	TestSonic3kInvisibleBlockObjectInstance; TestS3kInvisibleBlockRewindGenericRestore; TestFbzAct2TraversalPreboss	RomObjectCodePointerProvider; RomWorldPositionedObject; rewind recreation	conflict_ledger_independent_review	reviewed
src/main/java/com/openggf/game/sonic3k/objects/Sonic3kSSEntryFlashObjectInstance.java	Giant-ring transition	Sonic3kSSEntryFlashObjectInstance	INIT-only first dispatch, 33 Obj_Wait ticks, Save_Level_Data2 from flash position and true $1701 restart (25f92dbf7; 8a329ca02; 83c7c990b; 6c8b6c208; 3d4247c7b).	S3kBigRingTransitionIntent, parent rewind relink and Super Emerald progression (1b65b0769).	Keep next intent as durable carrier but drive through develop timing/save semantics; restart zone 23 act 1 for sanctuary route, otherwise ordinary special stage; avoid duplicate SFX.	TestSonic3kSSEntryRingFormation; TestS3kSsEntryFlashGraphRewind; TestRewindFixS3KBatch2Codecs	Sonic3kSSEntryRingObjectInstance; BigRingReturnState; rewind identity	conflict_ledger_independent_review	reviewed
src/main/java/com/openggf/game/sonic3k/objects/Sonic3kSSEntryRingObjectInstance.java	Giant-ring formation/touch	Sonic3kSSEntryRingObjectInstance	Consumed loc_85B02 release dispatch, exact SSEntry_CheckLevel predicate and delayed save in flash (5c1e33313; 821de9edd; 9f277d569; 4c55bba42).	Super Emerald palettes, time-attack gate, transition intent and rewind-safe parent identity (1b65b0769; eb13f76d7; 6fe6b86a0; f3027ea12).	Retain next palette/time-attack/intent behavior; adopt consumed release frame and zone < 7 && zone != 4 predicate; award 50 only on ROM conditions; defer save.	TestSonic3kSSEntryRingFormation; TestS3kCnzLateSSEntryRingPlacement; TestS3kSsEntryFlashGraphRewind	SSEntryFlash; palette owners; ObjectManager; player query	conflict_ledger_independent_review	reviewed
src/test/java/com/openggf/TestGameLoop.java	tests	GameLoop orchestration tests	16865265a exit ratchet; dccea9ed0 host transition audio before ROM fade	c29690969 recording boundaries; 27bedd900 standalone typed master-title handling	Retain next recording-row and standalone-handler coverage plus develop host-transition-audio ordering; adapt setup only to merged APIs	TestGameLoop; TestAudioPresentationBoundary	GameLoop; audio; data-select owners	conflict_ledger_independent_review	reviewed
src/test/java/com/openggf/game/rewind/TestRewindArchitectureGuard.java	guards	rewind architecture baselines	ccaf39512 bridge, MGZ, and LBZ transient triage	eb13f76d7 HPZ and Hyper rewind sidecars	Recount merged symbols; retain each parent entry only when its override or annotation remains; never widen or keep removed-symbol entries	TestRewindArchitectureGuard; rewind coverage, reference, static-state, and focused graph tests	final Task 7 and Task 8 object graph	conflict_ledger_independent_review	reviewed
src/test/java/com/openggf/game/rewind/TestRewindBenchmarkSizeEstimator.java	tests	rewind structural-size estimator	2bb652022 current CameraSnapshot shape	a21824bf0 and 15accb4f4 expanded S3K snapshot coverage	Construct the final merged CameraSnapshot field order and preserve all estimator assertions; do not emulate both constructors	TestRewindBenchmarkSizeEstimator	CameraSnapshot merged schema	conflict_ledger_independent_review	reviewed
src/test/java/com/openggf/game/sonic2/dataselect/TestS2DataSelectProfile.java	tests	S2 host data-select profile	dccea9ed0 native S2 entry cue and fade cadence	2f3b0d016 keyed mod-zone saves, codec, canonicalization, and resolver	Union native exit cadence with keyed mod-zone persistence and host resolver coverage	TestS2DataSelectProfile; TestGameLoop data-select cases	S2 profile and controller; audio	conflict_ledger_independent_review	reviewed
src/test/java/com/openggf/game/sonic2/objects/TestTornadoObjectInstance.java	tests	S2 ObjC5 Tornado lifecycle	d1e85524f WFZ SST publication; 10bdfd156 SCZ manual-checkpoint and ROM cadence	e07e20b67 and db2ff657a arbitrary-team choreography	Union team lock, move, jump, seat, and unload authority with standing, airborne, rewind, leader-wait, and vertical-timer SST assertions	TestTornadoObjectInstance; TestS2CompleteEmeraldRunChain; TestS2CompleteEmeraldRunPrefix	TornadoObjectInstance; ObjectManager; team and rewind APIs	conflict_ledger_independent_review	reviewed
src/test/java/com/openggf/game/sonic2/specialstage/Sonic2SpecialStageBootstrapCadenceTest.java	tests	S2 special-stage scheduler	a69c257a2 removes fitted lag model; c83b3f794 restores live slowdown	276ee9a7 inherited lag-skipped input and raw-edge coverage	Use develop live/external pacing and deferred/current publication authority; retain compatible next input-edge assertions without trace-outcome scheduling	Sonic2SpecialStageBootstrapCadenceTest twice; S2 special-stage trace and determinism tests	S2 special-stage manager; run-chain timing	conflict_ledger_independent_review	reviewed
src/test/java/com/openggf/game/sonic3k/TestS3kRuntimeStateReadGuard.java	guards	S3K typed zone runtime state	83c7c990b Save_Level_Data2 moves to SSEntryFlash_GoSS	eb13f76d7 Super-Emerald ring intent coverage	Guard ring and flash against direct event-manager reads; require Sonic3kSSEntryFlashObjectInstance.saveBigRingReturn and services().zoneRuntimeState()	TestS3kRuntimeStateReadGuard; TestSonic3kSSEntryRingFormation	SSEntry ring, flash, and zone runtime state	conflict_ledger_independent_review	reviewed
src/test/java/com/openggf/game/sonic3k/events/TestSonic3kAIZEvents.java	tests	AIZ event lifecycle	7e8f4b68b and 32ada960d fire-music restoration; 7d88e8b6f fire timing	f7bc8ce4b AIZ2 splash SST and slot timeline	Union splash-child lifecycle and exact free-slot timing with fire-music restoration across escape timer and act reload	TestSonic3kAIZEvents; AIZ headless and trace selectors	AIZ events; audio; ObjectManager	conflict_ledger_independent_review	reviewed
src/test/java/com/openggf/game/sonic3k/objects/TestAizVineHandleLogic.java	tests	AIZ ride-vine object	f33f132c1 whole spin_dash_flag clear; 54cdd7271 offscreen rider release	85ceec561 independent main plus three-sidekick ownership	Union multi-player identity and replacement cleanup with byte-clear and on/offscreen render-flag release semantics	TestAizVineHandleLogic; TestAizSpikedLogGraphRewind or owning vine graph test	AIZ vine; arbitrary team; rewind identity	conflict_ledger_independent_review	reviewed
src/test/java/com/openggf/game/sonic3k/objects/TestSonic3kSSEntryRingFormation.java	tests	S3K ring, flash, and Super-Emerald routing	5c1e33313 offscreen release frame; 9f277d569 S and K-half routing	 eb13f76d7 and 1b65b0769 Super-Emerald sanctuary and rewind; f3027ea12 time-attack gate	Preserve next time-attack, parent identity, palette, flash, and zone-set cases; integrate develop release-frame and all-emerald routing under final HPZ-registration and zone predicates	TestSonic3kSSEntryRingFormation; TestS3kRuntimeStateReadGuard; HPZ graph rewind	BigRingReturnState; ring and flash; zone provider	conflict_ledger_independent_review	reviewed
src/test/java/com/openggf/level/TestLevelSeamlessTransitionExecutor.java	tests	seamless transition executor	33d6ea73e consumeActTransitionRewindBoundaryDuringFrame and advanceGlobalOscillation	21b1f40a5 inherited mutation, failure, and transition-type coverage	Use merged API with develop rewind-boundary consumption and oscillator owner while preserving next transition assertions	TestLevelSeamlessTransitionExecutor; rewind transition tests	LevelManager; transition coordinator; oscillator	conflict_ledger_independent_review	reviewed
src/test/java/com/openggf/level/objects/TestObjectPhysicsStandardizationGuard.java	guards	object source ratchets	ca67b11a9 raw add budget 10 and OOZ updatePrePhysics owner; ccaf39512 guard triage	c29690969 provider and arbitrary-team surface assertions	Recount merged tree; keep exact or tighter budgets and moved OOZ owner plus valid next provider assertions; never widen to a parent maximum	TestObjectPhysicsStandardizationGuard under fresh -Pguards	Task 7 and Task 8 object production tree	conflict_ledger_independent_review	reviewed
src/test/java/com/openggf/level/objects/TestSidekickTouchHurtAnimationOwnership.java	tests	solid push-release animation ownership	0579adc14 deletes fitted object pin and ports generic solid push-release tail	58c994daa inherited spiked-log object-specific assertion	Delete file; preserve contract through generic ObjectSolidContactController behavior, TestScriptedVelocityAnimationProfile, and affected trace evidence; do not restore override	TestScriptedVelocityAnimationProfile; touch and solid controller tests; AIZ, MGZ, and S2 affected traces	ObjectSolidContactController; ObjectTouchResponseController; animation profile	conflict_ledger_independent_review	reviewed
src/test/java/com/openggf/tests/TestArchitecturalSourceGuard.java	guards	cross-cutting source architecture	3c677fbd6 object-loop collaborator; 92cb260b4 transition policy coverage; ccaf39512 ratchets	5e34af779 transient handoff delegation; bb413eb87 next size ratchets	Union collaborator, S3K transition runtime-art policy, transient oscillation and respawn handoff, and mod-composition assertions; re-ratchet exact merged sizes	TestArchitecturalSourceGuard under fresh -Pguards	final merged production tree	conflict_ledger_independent_review	reviewed
src/test/java/com/openggf/tests/TestBuildToolingGuard.java	guards	executable build and policy contract	78c1ba833 direct launcher; 3fabe6cb9 skip classification; 16fda38bb isolation; 325e8be61 manifests	b6e320958 destination-aware Mod API and candidate CI; f53942a33 no disassembly runtime dependencies	Exact union of next destination checks and develop session-root, lifecycle, launcher, guard split, manifest, skip, and merge-exemption checks; update expected config text without deleting assertions	TestBuildToolingGuard alone under -Pguards; shell and PowerShell parity	validate-policy.sh; workflows; pom.xml; tools/testing/README.md	conflict_ledger_independent_review	reviewed
src/test/java/com/openggf/tests/TestTitleCardObjectExecution.java	tests	ROM title-card cadence	bcceca6c2 ROM release handoffs; 9b69d2513 counter increment after WaitForVint	c29690969 module and fixture compatibility	Use develop timing: no level-object pass during slide-in, S2 26 pre-main-loop passes, S1 prelude then unlocked pass next iteration; retain compatible next fixture setup	TestTitleCardObjectExecution with all three ROMs; title-card focused tests	GameLoop; title-card managers; ObjectManager	conflict_ledger_independent_review	reviewed
src/test/java/com/openggf/tests/trace/runs/AbstractRunChainTest.java	tests	complete-chain production harness	a69c257a2 no fitted lag; 23a3ef53f and 88f826b74 payload cleanup; 13725e85f and ba5f776e5 boundary ownership; ed0419fc0 session reports	21b1f40a5 inherited user-recording applyPassInput, afterPass, and verification seams	Start from develop represented-row, bridge, timing-gap, payload-release, tail-report, occupancy, and admission lifecycle; port only still-consumed next recording seams	all complete-chain classes twice; hardware timing authority guard; run-chain report tests	Task 7 and Task 8 lifecycle; timing port; session report roots	conflict_ledger_independent_review	reviewed
