occurrence_ordinal	frame	after_source_ordinal	cpu	pc	opcode	start_master_cycle	next_pc	delta_to_next_start	flow	branch_outcome	roles	source
# oracle_sha256=66e5a12ee04d7c227c827d6121e110eb48162b71cae1401a1ebab0da0cb676cc
# native_instructions_sha256=b860dccea2be3c3bae9788fd4621e7fd57311e6c2d9e57ef34a5617222ce23aa
# group_ordinal=1
# selection=lowest authenticated isolated 30-write S1 FM5 group with one B4/pan-field write, terminal key-on, and zero DMA stalls
0	1150	-1	2	0x72C26	0x7000	85370	0x72C28	28	linear	n/a	ordinary	cfSetVoice@s1.sounddriver.asm:2312-2326
1	1150	-1	2	0x72C28	0x101C	85398	0x72C2A	56	linear	n/a	ordinary	cfSetVoice@s1.sounddriver.asm:2312-2326
2	1150	-1	2	0x72C2A	0x1B40	85454	0x72C2E	84	linear	n/a	ordinary	cfSetVoice@s1.sounddriver.asm:2312-2326
3	1150	-1	2	0x72C2E	0x0815	85538	0x72C32	84	linear	n/a	ordinary	cfSetVoice@s1.sounddriver.asm:2312-2326
4	1150	-1	2	0x72C32	0x6600	85622	0x72C36	84	branch	not_taken	control_flow	cfSetVoice@s1.sounddriver.asm:2312-2326
5	1150	-1	2	0x72C36	0x226E	85706	0x72C3A	112	linear	n/a	ordinary	cfSetVoice@s1.sounddriver.asm:2312-2326
6	1150	-1	2	0x72C3A	0x4A2E	85818	0x72C3E	84	linear	n/a	ordinary	cfSetVoice@s1.sounddriver.asm:2312-2326
7	1150	-1	2	0x72C3E	0x670E	85902	0x72C40	56	branch	not_taken	control_flow	cfSetVoice@s1.sounddriver.asm:2312-2326
8	1150	-1	2	0x72C40	0x226D	85958	0x72C44	112	linear	n/a	ordinary	cfSetVoice@s1.sounddriver.asm:2312-2326
9	1150	-1	2	0x72C44	0x4A2E	86070	0x72C48	84	linear	n/a	ordinary	cfSetVoice@s1.sounddriver.asm:2312-2326
10	1150	-1	2	0x72C48	0x6B04	86154	0x72C4E	70	branch	taken	control_flow	cfSetVoice@s1.sounddriver.asm:2312-2326
11	1150	-1	2	0x72C4E	0x5340	86224	0x72C50	42	linear	n/a	ordinary	SetVoice@s1.sounddriver.asm:2328-2375
12	1150	-1	2	0x72C50	0x6B0A	86266	0x72C5C	70	branch	taken	control_flow	SetVoice@s1.sounddriver.asm:2328-2375
13	1150	-1	2	0x72C5C	0x1219	86336	0x72C5E	56	linear	n/a	ordinary	SetVoice@s1.sounddriver.asm:2328-2375
14	1150	-1	2	0x72C5E	0x1B41	86392	0x72C62	84	linear	n/a	ordinary	SetVoice@s1.sounddriver.asm:2328-2375
15	1150	-1	2	0x72C62	0x1801	86476	0x72C64	28	linear	n/a	ordinary	SetVoice@s1.sounddriver.asm:2328-2375
16	1150	-1	2	0x72C64	0x103C	86504	0x72C68	56	linear	n/a	ordinary	SetVoice@s1.sounddriver.asm:2328-2375
17	1150	-1	2	0x72C68	0x4EBA	86560	0x72722	126	call	target=0x72722	control_flow	SetVoice@s1.sounddriver.asm:2328-2375
18	1150	-1	2	0x72722	0x082D	86686	0x72728	112	linear	n/a	ordinary	WriteFMIorII@s1.sounddriver.asm:1712-1717
19	1150	-1	2	0x72728	0x6630	86798	0x7275A	70	branch	taken	control_flow	WriteFMIorII@s1.sounddriver.asm:1712-1717
20	1150	-1	2	0x7275A	0x142D	86868	0x7275E	84	linear	n/a	ordinary	WriteFMIIPart@s1.sounddriver.asm:1745-1750
21	1150	-1	2	0x7275E	0x0882	86952	0x72762	84	linear	n/a	ordinary	WriteFMIIPart@s1.sounddriver.asm:1745-1750
22	1150	-1	2	0x72762	0xD002	87036	0x72764	28	linear	n/a	ordinary	WriteFMIIPart@s1.sounddriver.asm:1745-1750
23	1150	-1	2	0x72764	0x1439	87064	0x7276A	119	linear	n/a	ordinary,busy_poll	WriteFMII@s1.sounddriver.asm:1752-1769
24	1150	-1	2	0x7276A	0x0802	87183	0x7276E	84	linear	n/a	ordinary,busy_poll	WriteFMII@s1.sounddriver.asm:1752-1769
25	1150	-1	2	0x7276E	0x66F4	87267	0x72770	56	branch	not_taken	control_flow	WriteFMII@s1.sounddriver.asm:1752-1769
26	1150	-1	2	0x72770	0x13C0	87323	0x72776	119	linear	n/a	ordinary	WriteFMII@s1.sounddriver.asm:1752-1769
27	1150	-1	2	0x72776	0x4E71	87442	0x72778	28	linear	n/a	ordinary	WriteFMII@s1.sounddriver.asm:1752-1769
28	1150	-1	2	0x72778	0x4E71	87470	0x7277A	28	linear	n/a	ordinary	WriteFMII@s1.sounddriver.asm:1752-1769
29	1150	-1	2	0x7277A	0x4E71	87498	0x7277C	28	linear	n/a	ordinary	WriteFMII@s1.sounddriver.asm:1752-1769
30	1150	-1	2	0x7277C	0x1439	87526	0x72782	119	linear	n/a	ordinary,busy_poll	WriteFMII@s1.sounddriver.asm:1752-1769
31	1150	-1	2	0x72782	0x0802	87645	0x72786	70	linear	n/a	ordinary,busy_poll	WriteFMII@s1.sounddriver.asm:1752-1769
32	1150	-1	2	0x72786	0x66F4	87715	0x72788	56	branch	not_taken	control_flow,busy_poll	WriteFMII@s1.sounddriver.asm:1752-1769
33	1150	-1	2	0x72788	0x13C1	87771	0x7278E	119	linear	n/a	ordinary,ym_write	WriteFMII@s1.sounddriver.asm:1752-1769
34	1150	0	2	0x7278E	0x4E75	87890	0x72C6C	112	return	target=0x72C6C	control_flow	WriteFMII@s1.sounddriver.asm:1752-1769
35	1150	0	2	0x72C6C	0x45FA	88002	0x72C70	56	linear	n/a	ordinary	SetVoice@s1.sounddriver.asm:2328-2375
36	1150	0	2	0x72C70	0x7613	88058	0x72C72	28	linear	n/a	ordinary	SetVoice@s1.sounddriver.asm:2328-2375
37	1150	0	2	0x72C72	0x101A	88086	0x72C74	70	linear	n/a	ordinary	SetVoice@s1.sounddriver.asm:2328-2375
38	1150	0	2	0x72C74	0x1219	88156	0x72C76	56	linear	n/a	ordinary	SetVoice@s1.sounddriver.asm:2328-2375
39	1150	0	2	0x72C76	0x4EBA	88212	0x72722	126	call	target=0x72722	control_flow	SetVoice@s1.sounddriver.asm:2328-2375
40	1150	0	2	0x72722	0x082D	88338	0x72728	112	linear	n/a	ordinary	WriteFMIorII@s1.sounddriver.asm:1712-1717
41	1150	0	2	0x72728	0x6630	88450	0x7275A	70	branch	taken	control_flow	WriteFMIorII@s1.sounddriver.asm:1712-1717
42	1150	0	2	0x7275A	0x142D	88520	0x7275E	84	linear	n/a	ordinary	WriteFMIIPart@s1.sounddriver.asm:1745-1750
43	1150	0	2	0x7275E	0x0882	88604	0x72762	84	linear	n/a	ordinary	WriteFMIIPart@s1.sounddriver.asm:1745-1750
44	1150	0	2	0x72762	0xD002	88688	0x72764	28	linear	n/a	ordinary	WriteFMIIPart@s1.sounddriver.asm:1745-1750
45	1150	0	2	0x72764	0x1439	88716	0x7276A	119	linear	n/a	ordinary,busy_poll	WriteFMII@s1.sounddriver.asm:1752-1769
46	1150	0	2	0x7276A	0x0802	88835	0x7276E	70	linear	n/a	ordinary,busy_poll	WriteFMII@s1.sounddriver.asm:1752-1769
47	1150	0	2	0x7276E	0x66F4	88905	0x72764	70	branch	taken	control_flow	WriteFMII@s1.sounddriver.asm:1752-1769
48	1150	0	2	0x72764	0x1439	88975	0x7276A	119	linear	n/a	ordinary,busy_poll	WriteFMII@s1.sounddriver.asm:1752-1769
49	1150	0	2	0x7276A	0x0802	89094	0x7276E	84	linear	n/a	ordinary,busy_poll	WriteFMII@s1.sounddriver.asm:1752-1769
50	1150	0	2	0x7276E	0x66F4	89178	0x72764	70	branch	taken	control_flow	WriteFMII@s1.sounddriver.asm:1752-1769
51	1150	0	2	0x72764	0x1439	89248	0x7276A	119	linear	n/a	ordinary,busy_poll	WriteFMII@s1.sounddriver.asm:1752-1769
52	1150	0	2	0x7276A	0x0802	89367	0x7276E	70	linear	n/a	ordinary,busy_poll	WriteFMII@s1.sounddriver.asm:1752-1769
53	1150	0	2	0x7276E	0x66F4	89437	0x72770	56	branch	not_taken	control_flow	WriteFMII@s1.sounddriver.asm:1752-1769
54	1150	0	2	0x72770	0x13C0	89493	0x72776	119	linear	n/a	ordinary	WriteFMII@s1.sounddriver.asm:1752-1769
55	1150	0	2	0x72776	0x4E71	89612	0x72778	28	linear	n/a	ordinary	WriteFMII@s1.sounddriver.asm:1752-1769
56	1150	0	2	0x72778	0x4E71	89640	0x7277A	28	linear	n/a	ordinary	WriteFMII@s1.sounddriver.asm:1752-1769
57	1150	0	2	0x7277A	0x4E71	89668	0x7277C	28	linear	n/a	ordinary	WriteFMII@s1.sounddriver.asm:1752-1769
58	1150	0	2	0x7277C	0x1439	89696	0x72782	119	linear	n/a	ordinary,busy_poll	WriteFMII@s1.sounddriver.asm:1752-1769
59	1150	0	2	0x72782	0x0802	89815	0x72786	70	linear	n/a	ordinary,busy_poll	WriteFMII@s1.sounddriver.asm:1752-1769
60	1150	0	2	0x72786	0x66F4	89885	0x72788	56	branch	not_taken	control_flow,busy_poll	WriteFMII@s1.sounddriver.asm:1752-1769
61	1150	0	2	0x72788	0x13C1	89941	0x7278E	119	linear	n/a	ordinary,ym_write	WriteFMII@s1.sounddriver.asm:1752-1769
62	1150	1	2	0x7278E	0x4E75	90060	0x72C7A	126	return	target=0x72C7A	control_flow	WriteFMII@s1.sounddriver.asm:1752-1769
63	1150	1	2	0x72C7A	0x51CB	90186	0x72C72	70	branch	taken	control_flow	SetVoice@s1.sounddriver.asm:2328-2375
64	1150	1	2	0x72C72	0x101A	90256	0x72C74	56	linear	n/a	ordinary	SetVoice@s1.sounddriver.asm:2328-2375
65	1150	1	2	0x72C74	0x1219	90312	0x72C76	56	linear	n/a	ordinary	SetVoice@s1.sounddriver.asm:2328-2375
66	1150	1	2	0x72C76	0x4EBA	90368	0x72722	126	call	target=0x72722	control_flow	SetVoice@s1.sounddriver.asm:2328-2375
67	1150	1	2	0x72722	0x082D	90494	0x72728	112	linear	n/a	ordinary	WriteFMIorII@s1.sounddriver.asm:1712-1717
68	1150	1	2	0x72728	0x6630	90606	0x7275A	70	branch	taken	control_flow	WriteFMIorII@s1.sounddriver.asm:1712-1717
69	1150	1	2	0x7275A	0x142D	90676	0x7275E	84	linear	n/a	ordinary	WriteFMIIPart@s1.sounddriver.asm:1745-1750
70	1150	1	2	0x7275E	0x0882	90760	0x72762	84	linear	n/a	ordinary	WriteFMIIPart@s1.sounddriver.asm:1745-1750
71	1150	1	2	0x72762	0xD002	90844	0x72764	28	linear	n/a	ordinary	WriteFMIIPart@s1.sounddriver.asm:1745-1750
72	1150	1	2	0x72764	0x1439	90872	0x7276A	119	linear	n/a	ordinary,busy_poll	WriteFMII@s1.sounddriver.asm:1752-1769
73	1150	1	2	0x7276A	0x0802	90991	0x7276E	84	linear	n/a	ordinary,busy_poll	WriteFMII@s1.sounddriver.asm:1752-1769
74	1150	1	2	0x7276E	0x66F4	91075	0x72764	70	branch	taken	control_flow	WriteFMII@s1.sounddriver.asm:1752-1769
75	1150	1	2	0x72764	0x1439	91145	0x7276A	119	linear	n/a	ordinary,busy_poll	WriteFMII@s1.sounddriver.asm:1752-1769
76	1150	1	2	0x7276A	0x0802	91264	0x7276E	70	linear	n/a	ordinary,busy_poll	WriteFMII@s1.sounddriver.asm:1752-1769
77	1150	1	2	0x7276E	0x66F4	91334	0x72764	70	branch	taken	control_flow	WriteFMII@s1.sounddriver.asm:1752-1769
78	1150	1	2	0x72764	0x1439	91404	0x7276A	119	linear	n/a	ordinary,busy_poll	WriteFMII@s1.sounddriver.asm:1752-1769
79	1150	1	2	0x7276A	0x0802	91523	0x7276E	70	linear	n/a	ordinary,busy_poll	WriteFMII@s1.sounddriver.asm:1752-1769
80	1150	1	2	0x7276E	0x66F4	91593	0x72770	56	branch	not_taken	control_flow	WriteFMII@s1.sounddriver.asm:1752-1769
81	1150	1	2	0x72770	0x13C0	91649	0x72776	119	linear	n/a	ordinary	WriteFMII@s1.sounddriver.asm:1752-1769
82	1150	1	2	0x72776	0x4E71	91768	0x72778	28	linear	n/a	ordinary	WriteFMII@s1.sounddriver.asm:1752-1769
83	1150	1	2	0x72778	0x4E71	91796	0x7277A	28	linear	n/a	ordinary	WriteFMII@s1.sounddriver.asm:1752-1769
84	1150	1	2	0x7277A	0x4E71	91824	0x7277C	28	linear	n/a	ordinary	WriteFMII@s1.sounddriver.asm:1752-1769
85	1150	1	2	0x7277C	0x1439	91852	0x72782	119	linear	n/a	ordinary,busy_poll	WriteFMII@s1.sounddriver.asm:1752-1769
86	1150	1	2	0x72782	0x0802	91971	0x72786	84	linear	n/a	ordinary,busy_poll	WriteFMII@s1.sounddriver.asm:1752-1769
87	1150	1	2	0x72786	0x66F4	92055	0x72788	56	branch	not_taken	control_flow,busy_poll	WriteFMII@s1.sounddriver.asm:1752-1769
88	1150	1	2	0x72788	0x13C1	92111	0x7278E	119	linear	n/a	ordinary,ym_write	WriteFMII@s1.sounddriver.asm:1752-1769
89	1150	2	2	0x7278E	0x4E75	92230	0x72C7A	112	return	target=0x72C7A	control_flow	WriteFMII@s1.sounddriver.asm:1752-1769
90	1150	2	2	0x72C7A	0x51CB	92342	0x72C72	70	branch	taken	control_flow	SetVoice@s1.sounddriver.asm:2328-2375
91	1150	2	2	0x72C72	0x101A	92412	0x72C74	56	linear	n/a	ordinary	SetVoice@s1.sounddriver.asm:2328-2375
92	1150	2	2	0x72C74	0x1219	92468	0x72C76	56	linear	n/a	ordinary	SetVoice@s1.sounddriver.asm:2328-2375
93	1150	2	2	0x72C76	0x4EBA	92524	0x72722	126	call	target=0x72722	control_flow	SetVoice@s1.sounddriver.asm:2328-2375
94	1150	2	2	0x72722	0x082D	92650	0x72728	112	linear	n/a	ordinary	WriteFMIorII@s1.sounddriver.asm:1712-1717
95	1150	2	2	0x72728	0x6630	92762	0x7275A	70	branch	taken	control_flow	WriteFMIorII@s1.sounddriver.asm:1712-1717
96	1150	2	2	0x7275A	0x142D	92832	0x7275E	84	linear	n/a	ordinary	WriteFMIIPart@s1.sounddriver.asm:1745-1750
97	1150	2	2	0x7275E	0x0882	92916	0x72762	98	linear	n/a	ordinary	WriteFMIIPart@s1.sounddriver.asm:1745-1750
98	1150	2	2	0x72762	0xD002	93014	0x72764	28	linear	n/a	ordinary	WriteFMIIPart@s1.sounddriver.asm:1745-1750
99	1150	2	2	0x72764	0x1439	93042	0x7276A	119	linear	n/a	ordinary,busy_poll	WriteFMII@s1.sounddriver.asm:1752-1769
100	1150	2	2	0x7276A	0x0802	93161	0x7276E	70	linear	n/a	ordinary,busy_poll	WriteFMII@s1.sounddriver.asm:1752-1769
101	1150	2	2	0x7276E	0x66F4	93231	0x72764	70	branch	taken	control_flow	WriteFMII@s1.sounddriver.asm:1752-1769
102	1150	2	2	0x72764	0x1439	93301	0x7276A	119	linear	n/a	ordinary,busy_poll	WriteFMII@s1.sounddriver.asm:1752-1769
103	1150	2	2	0x7276A	0x0802	93420	0x7276E	70	linear	n/a	ordinary,busy_poll	WriteFMII@s1.sounddriver.asm:1752-1769
104	1150	2	2	0x7276E	0x66F4	93490	0x72764	70	branch	taken	control_flow	WriteFMII@s1.sounddriver.asm:1752-1769
105	1150	2	2	0x72764	0x1439	93560	0x7276A	119	linear	n/a	ordinary,busy_poll	WriteFMII@s1.sounddriver.asm:1752-1769
106	1150	2	2	0x7276A	0x0802	93679	0x7276E	70	linear	n/a	ordinary,busy_poll	WriteFMII@s1.sounddriver.asm:1752-1769
107	1150	2	2	0x7276E	0x66F4	93749	0x72770	56	branch	not_taken	control_flow	WriteFMII@s1.sounddriver.asm:1752-1769
108	1150	2	2	0x72770	0x13C0	93805	0x72776	119	linear	n/a	ordinary	WriteFMII@s1.sounddriver.asm:1752-1769
109	1150	2	2	0x72776	0x4E71	93924	0x72778	42	linear	n/a	ordinary	WriteFMII@s1.sounddriver.asm:1752-1769
110	1150	2	2	0x72778	0x4E71	93966	0x7277A	28	linear	n/a	ordinary	WriteFMII@s1.sounddriver.asm:1752-1769
111	1150	2	2	0x7277A	0x4E71	93994	0x7277C	28	linear	n/a	ordinary	WriteFMII@s1.sounddriver.asm:1752-1769
112	1150	2	2	0x7277C	0x1439	94022	0x72782	119	linear	n/a	ordinary,busy_poll	WriteFMII@s1.sounddriver.asm:1752-1769
113	1150	2	2	0x72782	0x0802	94141	0x72786	70	linear	n/a	ordinary,busy_poll	WriteFMII@s1.sounddriver.asm:1752-1769
114	1150	2	2	0x72786	0x66F4	94211	0x72788	56	branch	not_taken	control_flow,busy_poll	WriteFMII@s1.sounddriver.asm:1752-1769
115	1150	2	2	0x72788	0x13C1	94267	0x7278E	119	linear	n/a	ordinary,ym_write	WriteFMII@s1.sounddriver.asm:1752-1769
116	1150	3	2	0x7278E	0x4E75	94386	0x72C7A	112	return	target=0x72C7A	control_flow	WriteFMII@s1.sounddriver.asm:1752-1769
117	1150	3	2	0x72C7A	0x51CB	94498	0x72C72	70	branch	taken	control_flow	SetVoice@s1.sounddriver.asm:2328-2375
118	1150	3	2	0x72C72	0x101A	94568	0x72C74	56	linear	n/a	ordinary	SetVoice@s1.sounddriver.asm:2328-2375
119	1150	3	2	0x72C74	0x1219	94624	0x72C76	56	linear	n/a	ordinary	SetVoice@s1.sounddriver.asm:2328-2375
120	1150	3	2	0x72C76	0x4EBA	94680	0x72722	126	call	target=0x72722	control_flow	SetVoice@s1.sounddriver.asm:2328-2375
121	1150	3	2	0x72722	0x082D	94806	0x72728	112	linear	n/a	ordinary	WriteFMIorII@s1.sounddriver.asm:1712-1717
122	1150	3	2	0x72728	0x6630	94918	0x7275A	84	branch	taken	control_flow	WriteFMIorII@s1.sounddriver.asm:1712-1717
123	1150	3	2	0x7275A	0x142D	95002	0x7275E	84	linear	n/a	ordinary	WriteFMIIPart@s1.sounddriver.asm:1745-1750
124	1150	3	2	0x7275E	0x0882	95086	0x72762	84	linear	n/a	ordinary	WriteFMIIPart@s1.sounddriver.asm:1745-1750
125	1150	3	2	0x72762	0xD002	95170	0x72764	28	linear	n/a	ordinary	WriteFMIIPart@s1.sounddriver.asm:1745-1750
126	1150	3	2	0x72764	0x1439	95198	0x7276A	119	linear	n/a	ordinary,busy_poll	WriteFMII@s1.sounddriver.asm:1752-1769
127	1150	3	2	0x7276A	0x0802	95317	0x7276E	70	linear	n/a	ordinary,busy_poll	WriteFMII@s1.sounddriver.asm:1752-1769
128	1150	3	2	0x7276E	0x66F4	95387	0x72764	70	branch	taken	control_flow	WriteFMII@s1.sounddriver.asm:1752-1769
129	1150	3	2	0x72764	0x1439	95457	0x7276A	119	linear	n/a	ordinary,busy_poll	WriteFMII@s1.sounddriver.asm:1752-1769
130	1150	3	2	0x7276A	0x0802	95576	0x7276E	70	linear	n/a	ordinary,busy_poll	WriteFMII@s1.sounddriver.asm:1752-1769
131	1150	3	2	0x7276E	0x66F4	95646	0x72764	70	branch	taken	control_flow	WriteFMII@s1.sounddriver.asm:1752-1769
132	1150	3	2	0x72764	0x1439	95716	0x7276A	119	linear	n/a	ordinary,busy_poll	WriteFMII@s1.sounddriver.asm:1752-1769
133	1150	3	2	0x7276A	0x0802	95835	0x7276E	84	linear	n/a	ordinary,busy_poll	WriteFMII@s1.sounddriver.asm:1752-1769
134	1150	3	2	0x7276E	0x66F4	95919	0x72770	56	branch	not_taken	control_flow	WriteFMII@s1.sounddriver.asm:1752-1769
135	1150	3	2	0x72770	0x13C0	95975	0x72776	119	linear	n/a	ordinary	WriteFMII@s1.sounddriver.asm:1752-1769
136	1150	3	2	0x72776	0x4E71	96094	0x72778	28	linear	n/a	ordinary	WriteFMII@s1.sounddriver.asm:1752-1769
137	1150	3	2	0x72778	0x4E71	96122	0x7277A	28	linear	n/a	ordinary	WriteFMII@s1.sounddriver.asm:1752-1769
138	1150	3	2	0x7277A	0x4E71	96150	0x7277C	28	linear	n/a	ordinary	WriteFMII@s1.sounddriver.asm:1752-1769
139	1150	3	2	0x7277C	0x1439	96178	0x72782	119	linear	n/a	ordinary,busy_poll	WriteFMII@s1.sounddriver.asm:1752-1769
140	1150	3	2	0x72782	0x0802	96297	0x72786	70	linear	n/a	ordinary,busy_poll	WriteFMII@s1.sounddriver.asm:1752-1769
141	1150	3	2	0x72786	0x66F4	96367	0x72788	56	branch	not_taken	control_flow,busy_poll	WriteFMII@s1.sounddriver.asm:1752-1769
142	1150	3	2	0x72788	0x13C1	96423	0x7278E	119	linear	n/a	ordinary,ym_write	WriteFMII@s1.sounddriver.asm:1752-1769
143	1150	4	2	0x7278E	0x4E75	96542	0x72C7A	112	return	target=0x72C7A	control_flow	WriteFMII@s1.sounddriver.asm:1752-1769
144	1150	4	2	0x72C7A	0x51CB	96654	0x72C72	70	branch	taken	control_flow	SetVoice@s1.sounddriver.asm:2328-2375
145	1150	4	2	0x72C72	0x101A	96724	0x72C74	56	linear	n/a	ordinary	SetVoice@s1.sounddriver.asm:2328-2375
146	1150	4	2	0x72C74	0x1219	96780	0x72C76	70	linear	n/a	ordinary	SetVoice@s1.sounddriver.asm:2328-2375
147	1150	4	2	0x72C76	0x4EBA	96850	0x72722	126	call	target=0x72722	control_flow	SetVoice@s1.sounddriver.asm:2328-2375
148	1150	4	2	0x72722	0x082D	96976	0x72728	112	linear	n/a	ordinary	WriteFMIorII@s1.sounddriver.asm:1712-1717
149	1150	4	2	0x72728	0x6630	97088	0x7275A	70	branch	taken	control_flow	WriteFMIorII@s1.sounddriver.asm:1712-1717
150	1150	4	2	0x7275A	0x142D	97158	0x7275E	84	linear	n/a	ordinary	WriteFMIIPart@s1.sounddriver.asm:1745-1750
151	1150	4	2	0x7275E	0x0882	97242	0x72762	84	linear	n/a	ordinary	WriteFMIIPart@s1.sounddriver.asm:1745-1750
152	1150	4	2	0x72762	0xD002	97326	0x72764	28	linear	n/a	ordinary	WriteFMIIPart@s1.sounddriver.asm:1745-1750
153	1150	4	2	0x72764	0x1439	97354	0x7276A	119	linear	n/a	ordinary,busy_poll	WriteFMII@s1.sounddriver.asm:1752-1769
154	1150	4	2	0x7276A	0x0802	97473	0x7276E	70	linear	n/a	ordinary,busy_poll	WriteFMII@s1.sounddriver.asm:1752-1769
155	1150	4	2	0x7276E	0x66F4	97543	0x72764	70	branch	taken	control_flow	WriteFMII@s1.sounddriver.asm:1752-1769
156	1150	4	2	0x72764	0x1439	97613	0x7276A	119	linear	n/a	ordinary,busy_poll	WriteFMII@s1.sounddriver.asm:1752-1769
157	1150	4	2	0x7276A	0x0802	97732	0x7276E	84	linear	n/a	ordinary,busy_poll	WriteFMII@s1.sounddriver.asm:1752-1769
158	1150	4	2	0x7276E	0x66F4	97816	0x72764	70	branch	taken	control_flow	WriteFMII@s1.sounddriver.asm:1752-1769
159	1150	4	2	0x72764	0x1439	97886	0x7276A	119	linear	n/a	ordinary,busy_poll	WriteFMII@s1.sounddriver.asm:1752-1769
160	1150	4	2	0x7276A	0x0802	98005	0x7276E	70	linear	n/a	ordinary,busy_poll	WriteFMII@s1.sounddriver.asm:1752-1769
161	1150	4	2	0x7276E	0x66F4	98075	0x72770	56	branch	not_taken	control_flow	WriteFMII@s1.sounddriver.asm:1752-1769
162	1150	4	2	0x72770	0x13C0	98131	0x72776	119	linear	n/a	ordinary	WriteFMII@s1.sounddriver.asm:1752-1769
163	1150	4	2	0x72776	0x4E71	98250	0x72778	28	linear	n/a	ordinary	WriteFMII@s1.sounddriver.asm:1752-1769
164	1150	4	2	0x72778	0x4E71	98278	0x7277A	28	linear	n/a	ordinary	WriteFMII@s1.sounddriver.asm:1752-1769
165	1150	4	2	0x7277A	0x4E71	98306	0x7277C	28	linear	n/a	ordinary	WriteFMII@s1.sounddriver.asm:1752-1769
166	1150	4	2	0x7277C	0x1439	98334	0x72782	119	linear	n/a	ordinary,busy_poll	WriteFMII@s1.sounddriver.asm:1752-1769
167	1150	4	2	0x72782	0x0802	98453	0x72786	70	linear	n/a	ordinary,busy_poll	WriteFMII@s1.sounddriver.asm:1752-1769
168	1150	4	2	0x72786	0x66F4	98523	0x72788	56	branch	not_taken	control_flow,busy_poll	WriteFMII@s1.sounddriver.asm:1752-1769
169	1150	4	2	0x72788	0x13C1	98579	0x7278E	119	linear	n/a	ordinary,ym_write	WriteFMII@s1.sounddriver.asm:1752-1769
170	1150	5	2	0x7278E	0x4E75	98698	0x72C7A	126	return	target=0x72C7A	control_flow	WriteFMII@s1.sounddriver.asm:1752-1769
171	1150	5	2	0x72C7A	0x51CB	98824	0x72C72	70	branch	taken	control_flow	SetVoice@s1.sounddriver.asm:2328-2375
172	1150	5	2	0x72C72	0x101A	98894	0x72C74	56	linear	n/a	ordinary	SetVoice@s1.sounddriver.asm:2328-2375
173	1150	5	2	0x72C74	0x1219	98950	0x72C76	56	linear	n/a	ordinary	SetVoice@s1.sounddriver.asm:2328-2375
174	1150	5	2	0x72C76	0x4EBA	99006	0x72722	126	call	target=0x72722	control_flow	SetVoice@s1.sounddriver.asm:2328-2375
175	1150	5	2	0x72722	0x082D	99132	0x72728	112	linear	n/a	ordinary	WriteFMIorII@s1.sounddriver.asm:1712-1717
176	1150	5	2	0x72728	0x6630	99244	0x7275A	70	branch	taken	control_flow	WriteFMIorII@s1.sounddriver.asm:1712-1717
177	1150	5	2	0x7275A	0x142D	99314	0x7275E	84	linear	n/a	ordinary	WriteFMIIPart@s1.sounddriver.asm:1745-1750
178	1150	5	2	0x7275E	0x0882	99398	0x72762	84	linear	n/a	ordinary	WriteFMIIPart@s1.sounddriver.asm:1745-1750
179	1150	5	2	0x72762	0xD002	99482	0x72764	28	linear	n/a	ordinary	WriteFMIIPart@s1.sounddriver.asm:1745-1750
180	1150	5	2	0x72764	0x1439	99510	0x7276A	119	linear	n/a	ordinary,busy_poll	WriteFMII@s1.sounddriver.asm:1752-1769
181	1150	5	2	0x7276A	0x0802	99629	0x7276E	84	linear	n/a	ordinary,busy_poll	WriteFMII@s1.sounddriver.asm:1752-1769
182	1150	5	2	0x7276E	0x66F4	99713	0x72764	70	branch	taken	control_flow	WriteFMII@s1.sounddriver.asm:1752-1769
183	1150	5	2	0x72764	0x1439	99783	0x7276A	119	linear	n/a	ordinary,busy_poll	WriteFMII@s1.sounddriver.asm:1752-1769
184	1150	5	2	0x7276A	0x0802	99902	0x7276E	70	linear	n/a	ordinary,busy_poll	WriteFMII@s1.sounddriver.asm:1752-1769
185	1150	5	2	0x7276E	0x66F4	99972	0x72764	70	branch	taken	control_flow	WriteFMII@s1.sounddriver.asm:1752-1769
186	1150	5	2	0x72764	0x1439	100042	0x7276A	119	linear	n/a	ordinary,busy_poll	WriteFMII@s1.sounddriver.asm:1752-1769
187	1150	5	2	0x7276A	0x0802	100161	0x7276E	70	linear	n/a	ordinary,busy_poll	WriteFMII@s1.sounddriver.asm:1752-1769
188	1150	5	2	0x7276E	0x66F4	100231	0x72770	56	branch	not_taken	control_flow	WriteFMII@s1.sounddriver.asm:1752-1769
189	1150	5	2	0x72770	0x13C0	100287	0x72776	119	linear	n/a	ordinary	WriteFMII@s1.sounddriver.asm:1752-1769
190	1150	5	2	0x72776	0x4E71	100406	0x72778	28	linear	n/a	ordinary	WriteFMII@s1.sounddriver.asm:1752-1769
191	1150	5	2	0x72778	0x4E71	100434	0x7277A	28	linear	n/a	ordinary	WriteFMII@s1.sounddriver.asm:1752-1769
192	1150	5	2	0x7277A	0x4E71	100462	0x7277C	28	linear	n/a	ordinary	WriteFMII@s1.sounddriver.asm:1752-1769
193	1150	5	2	0x7277C	0x1439	100490	0x72782	119	linear	n/a	ordinary,busy_poll	WriteFMII@s1.sounddriver.asm:1752-1769
194	1150	5	2	0x72782	0x0802	100609	0x72786	84	linear	n/a	ordinary,busy_poll	WriteFMII@s1.sounddriver.asm:1752-1769
195	1150	5	2	0x72786	0x66F4	100693	0x72788	56	branch	not_taken	control_flow,busy_poll	WriteFMII@s1.sounddriver.asm:1752-1769
196	1150	5	2	0x72788	0x13C1	100749	0x7278E	119	linear	n/a	ordinary,ym_write	WriteFMII@s1.sounddriver.asm:1752-1769
197	1150	6	2	0x7278E	0x4E75	100868	0x72C7A	112	return	target=0x72C7A	control_flow	WriteFMII@s1.sounddriver.asm:1752-1769
198	1150	6	2	0x72C7A	0x51CB	100980	0x72C72	70	branch	taken	control_flow	SetVoice@s1.sounddriver.asm:2328-2375
199	1150	6	2	0x72C72	0x101A	101050	0x72C74	56	linear	n/a	ordinary	SetVoice@s1.sounddriver.asm:2328-2375
200	1150	6	2	0x72C74	0x1219	101106	0x72C76	56	linear	n/a	ordinary	SetVoice@s1.sounddriver.asm:2328-2375
201	1150	6	2	0x72C76	0x4EBA	101162	0x72722	126	call	target=0x72722	control_flow	SetVoice@s1.sounddriver.asm:2328-2375
202	1150	6	2	0x72722	0x082D	101288	0x72728	112	linear	n/a	ordinary	WriteFMIorII@s1.sounddriver.asm:1712-1717
203	1150	6	2	0x72728	0x6630	101400	0x7275A	70	branch	taken	control_flow	WriteFMIorII@s1.sounddriver.asm:1712-1717
204	1150	6	2	0x7275A	0x142D	101470	0x7275E	84	linear	n/a	ordinary	WriteFMIIPart@s1.sounddriver.asm:1745-1750
205	1150	6	2	0x7275E	0x0882	101554	0x72762	98	linear	n/a	ordinary	WriteFMIIPart@s1.sounddriver.asm:1745-1750
206	1150	6	2	0x72762	0xD002	101652	0x72764	28	linear	n/a	ordinary	WriteFMIIPart@s1.sounddriver.asm:1745-1750
207	1150	6	2	0x72764	0x1439	101680	0x7276A	119	linear	n/a	ordinary,busy_poll	WriteFMII@s1.sounddriver.asm:1752-1769
208	1150	6	2	0x7276A	0x0802	101799	0x7276E	70	linear	n/a	ordinary,busy_poll	WriteFMII@s1.sounddriver.asm:1752-1769
209	1150	6	2	0x7276E	0x66F4	101869	0x72764	70	branch	taken	control_flow	WriteFMII@s1.sounddriver.asm:1752-1769
210	1150	6	2	0x72764	0x1439	101939	0x7276A	119	linear	n/a	ordinary,busy_poll	WriteFMII@s1.sounddriver.asm:1752-1769
211	1150	6	2	0x7276A	0x0802	102058	0x7276E	70	linear	n/a	ordinary,busy_poll	WriteFMII@s1.sounddriver.asm:1752-1769
212	1150	6	2	0x7276E	0x66F4	102128	0x72764	70	branch	taken	control_flow	WriteFMII@s1.sounddriver.asm:1752-1769
213	1150	6	2	0x72764	0x1439	102198	0x7276A	119	linear	n/a	ordinary,busy_poll	WriteFMII@s1.sounddriver.asm:1752-1769
214	1150	6	2	0x7276A	0x0802	102317	0x7276E	70	linear	n/a	ordinary,busy_poll	WriteFMII@s1.sounddriver.asm:1752-1769
215	1150	6	2	0x7276E	0x66F4	102387	0x72770	56	branch	not_taken	control_flow	WriteFMII@s1.sounddriver.asm:1752-1769
216	1150	6	2	0x72770	0x13C0	102443	0x72776	119	linear	n/a	ordinary	WriteFMII@s1.sounddriver.asm:1752-1769
217	1150	6	2	0x72776	0x4E71	102562	0x72778	42	linear	n/a	ordinary	WriteFMII@s1.sounddriver.asm:1752-1769
218	1150	6	2	0x72778	0x4E71	102604	0x7277A	28	linear	n/a	ordinary	WriteFMII@s1.sounddriver.asm:1752-1769
219	1150	6	2	0x7277A	0x4E71	102632	0x7277C	28	linear	n/a	ordinary	WriteFMII@s1.sounddriver.asm:1752-1769
220	1150	6	2	0x7277C	0x1439	102660	0x72782	119	linear	n/a	ordinary,busy_poll	WriteFMII@s1.sounddriver.asm:1752-1769
221	1150	6	2	0x72782	0x0802	102779	0x72786	70	linear	n/a	ordinary,busy_poll	WriteFMII@s1.sounddriver.asm:1752-1769
222	1150	6	2	0x72786	0x66F4	102849	0x72788	56	branch	not_taken	control_flow,busy_poll	WriteFMII@s1.sounddriver.asm:1752-1769
223	1150	6	2	0x72788	0x13C1	102905	0x7278E	119	linear	n/a	ordinary,ym_write	WriteFMII@s1.sounddriver.asm:1752-1769
224	1150	7	2	0x7278E	0x4E75	103024	0x72C7A	112	return	target=0x72C7A	control_flow	WriteFMII@s1.sounddriver.asm:1752-1769
225	1150	7	2	0x72C7A	0x51CB	103136	0x72C72	70	branch	taken	control_flow	SetVoice@s1.sounddriver.asm:2328-2375
226	1150	7	2	0x72C72	0x101A	103206	0x72C74	56	linear	n/a	ordinary	SetVoice@s1.sounddriver.asm:2328-2375
227	1150	7	2	0x72C74	0x1219	103262	0x72C76	56	linear	n/a	ordinary	SetVoice@s1.sounddriver.asm:2328-2375
228	1150	7	2	0x72C76	0x4EBA	103318	0x72722	126	call	target=0x72722	control_flow	SetVoice@s1.sounddriver.asm:2328-2375
229	1150	7	2	0x72722	0x082D	103444	0x72728	112	linear	n/a	ordinary	WriteFMIorII@s1.sounddriver.asm:1712-1717
230	1150	7	2	0x72728	0x6630	103556	0x7275A	84	branch	taken	control_flow	WriteFMIorII@s1.sounddriver.asm:1712-1717
231	1150	7	2	0x7275A	0x142D	103640	0x7275E	84	linear	n/a	ordinary	WriteFMIIPart@s1.sounddriver.asm:1745-1750
232	1150	7	2	0x7275E	0x0882	103724	0x72762	84	linear	n/a	ordinary	WriteFMIIPart@s1.sounddriver.asm:1745-1750
233	1150	7	2	0x72762	0xD002	103808	0x72764	28	linear	n/a	ordinary	WriteFMIIPart@s1.sounddriver.asm:1745-1750
234	1150	7	2	0x72764	0x1439	103836	0x7276A	119	linear	n/a	ordinary,busy_poll	WriteFMII@s1.sounddriver.asm:1752-1769
235	1150	7	2	0x7276A	0x0802	103955	0x7276E	70	linear	n/a	ordinary,busy_poll	WriteFMII@s1.sounddriver.asm:1752-1769
236	1150	7	2	0x7276E	0x66F4	104025	0x72764	70	branch	taken	control_flow	WriteFMII@s1.sounddriver.asm:1752-1769
237	1150	7	2	0x72764	0x1439	104095	0x7276A	119	linear	n/a	ordinary,busy_poll	WriteFMII@s1.sounddriver.asm:1752-1769
238	1150	7	2	0x7276A	0x0802	104214	0x7276E	70	linear	n/a	ordinary,busy_poll	WriteFMII@s1.sounddriver.asm:1752-1769
239	1150	7	2	0x7276E	0x66F4	104284	0x72764	70	branch	taken	control_flow	WriteFMII@s1.sounddriver.asm:1752-1769
240	1150	7	2	0x72764	0x1439	104354	0x7276A	119	linear	n/a	ordinary,busy_poll	WriteFMII@s1.sounddriver.asm:1752-1769
241	1150	7	2	0x7276A	0x0802	104473	0x7276E	84	linear	n/a	ordinary,busy_poll	WriteFMII@s1.sounddriver.asm:1752-1769
242	1150	7	2	0x7276E	0x66F4	104557	0x72770	56	branch	not_taken	control_flow	WriteFMII@s1.sounddriver.asm:1752-1769
243	1150	7	2	0x72770	0x13C0	104613	0x72776	119	linear	n/a	ordinary	WriteFMII@s1.sounddriver.asm:1752-1769
244	1150	7	2	0x72776	0x4E71	104732	0x72778	28	linear	n/a	ordinary	WriteFMII@s1.sounddriver.asm:1752-1769
245	1150	7	2	0x72778	0x4E71	104760	0x7277A	28	linear	n/a	ordinary	WriteFMII@s1.sounddriver.asm:1752-1769
246	1150	7	2	0x7277A	0x4E71	104788	0x7277C	28	linear	n/a	ordinary	WriteFMII@s1.sounddriver.asm:1752-1769
247	1150	7	2	0x7277C	0x1439	104816	0x72782	119	linear	n/a	ordinary,busy_poll	WriteFMII@s1.sounddriver.asm:1752-1769
248	1150	7	2	0x72782	0x0802	104935	0x72786	70	linear	n/a	ordinary,busy_poll	WriteFMII@s1.sounddriver.asm:1752-1769
249	1150	7	2	0x72786	0x66F4	105005	0x72788	56	branch	not_taken	control_flow,busy_poll	WriteFMII@s1.sounddriver.asm:1752-1769
250	1150	7	2	0x72788	0x13C1	105061	0x7278E	119	linear	n/a	ordinary,ym_write	WriteFMII@s1.sounddriver.asm:1752-1769
251	1150	8	2	0x7278E	0x4E75	105180	0x72C7A	112	return	target=0x72C7A	control_flow	WriteFMII@s1.sounddriver.asm:1752-1769
252	1150	8	2	0x72C7A	0x51CB	105292	0x72C72	70	branch	taken	control_flow	SetVoice@s1.sounddriver.asm:2328-2375
253	1150	8	2	0x72C72	0x101A	105362	0x72C74	56	linear	n/a	ordinary	SetVoice@s1.sounddriver.asm:2328-2375
254	1150	8	2	0x72C74	0x1219	105418	0x72C76	70	linear	n/a	ordinary	SetVoice@s1.sounddriver.asm:2328-2375
255	1150	8	2	0x72C76	0x4EBA	105488	0x72722	126	call	target=0x72722	control_flow	SetVoice@s1.sounddriver.asm:2328-2375
256	1150	8	2	0x72722	0x082D	105614	0x72728	112	linear	n/a	ordinary	WriteFMIorII@s1.sounddriver.asm:1712-1717
257	1150	8	2	0x72728	0x6630	105726	0x7275A	70	branch	taken	control_flow	WriteFMIorII@s1.sounddriver.asm:1712-1717
258	1150	8	2	0x7275A	0x142D	105796	0x7275E	84	linear	n/a	ordinary	WriteFMIIPart@s1.sounddriver.asm:1745-1750
259	1150	8	2	0x7275E	0x0882	105880	0x72762	84	linear	n/a	ordinary	WriteFMIIPart@s1.sounddriver.asm:1745-1750
260	1150	8	2	0x72762	0xD002	105964	0x72764	28	linear	n/a	ordinary	WriteFMIIPart@s1.sounddriver.asm:1745-1750
261	1150	8	2	0x72764	0x1439	105992	0x7276A	119	linear	n/a	ordinary,busy_poll	WriteFMII@s1.sounddriver.asm:1752-1769
262	1150	8	2	0x7276A	0x0802	106111	0x7276E	70	linear	n/a	ordinary,busy_poll	WriteFMII@s1.sounddriver.asm:1752-1769
263	1150	8	2	0x7276E	0x66F4	106181	0x72764	70	branch	taken	control_flow	WriteFMII@s1.sounddriver.asm:1752-1769
264	1150	8	2	0x72764	0x1439	106251	0x7276A	119	linear	n/a	ordinary,busy_poll	WriteFMII@s1.sounddriver.asm:1752-1769
265	1150	8	2	0x7276A	0x0802	106370	0x7276E	84	linear	n/a	ordinary,busy_poll	WriteFMII@s1.sounddriver.asm:1752-1769
266	1150	8	2	0x7276E	0x66F4	106454	0x72764	70	branch	taken	control_flow	WriteFMII@s1.sounddriver.asm:1752-1769
267	1150	8	2	0x72764	0x1439	106524	0x7276A	119	linear	n/a	ordinary,busy_poll	WriteFMII@s1.sounddriver.asm:1752-1769
268	1150	8	2	0x7276A	0x0802	106643	0x7276E	70	linear	n/a	ordinary,busy_poll	WriteFMII@s1.sounddriver.asm:1752-1769
269	1150	8	2	0x7276E	0x66F4	106713	0x72770	56	branch	not_taken	control_flow	WriteFMII@s1.sounddriver.asm:1752-1769
270	1150	8	2	0x72770	0x13C0	106769	0x72776	119	linear	n/a	ordinary	WriteFMII@s1.sounddriver.asm:1752-1769
271	1150	8	2	0x72776	0x4E71	106888	0x72778	28	linear	n/a	ordinary	WriteFMII@s1.sounddriver.asm:1752-1769
272	1150	8	2	0x72778	0x4E71	106916	0x7277A	28	linear	n/a	ordinary	WriteFMII@s1.sounddriver.asm:1752-1769
273	1150	8	2	0x7277A	0x4E71	106944	0x7277C	28	linear	n/a	ordinary	WriteFMII@s1.sounddriver.asm:1752-1769
274	1150	8	2	0x7277C	0x1439	106972	0x72782	119	linear	n/a	ordinary,busy_poll	WriteFMII@s1.sounddriver.asm:1752-1769
275	1150	8	2	0x72782	0x0802	107091	0x72786	70	linear	n/a	ordinary,busy_poll	WriteFMII@s1.sounddriver.asm:1752-1769
276	1150	8	2	0x72786	0x66F4	107161	0x72788	56	branch	not_taken	control_flow,busy_poll	WriteFMII@s1.sounddriver.asm:1752-1769
277	1150	8	2	0x72788	0x13C1	107217	0x7278E	119	linear	n/a	ordinary,ym_write	WriteFMII@s1.sounddriver.asm:1752-1769
278	1150	9	2	0x7278E	0x4E75	107336	0x72C7A	126	return	target=0x72C7A	control_flow	WriteFMII@s1.sounddriver.asm:1752-1769
279	1150	9	2	0x72C7A	0x51CB	107462	0x72C72	70	branch	taken	control_flow	SetVoice@s1.sounddriver.asm:2328-2375
280	1150	9	2	0x72C72	0x101A	107532	0x72C74	56	linear	n/a	ordinary	SetVoice@s1.sounddriver.asm:2328-2375
281	1150	9	2	0x72C74	0x1219	107588	0x72C76	56	linear	n/a	ordinary	SetVoice@s1.sounddriver.asm:2328-2375
282	1150	9	2	0x72C76	0x4EBA	107644	0x72722	126	call	target=0x72722	control_flow	SetVoice@s1.sounddriver.asm:2328-2375
283	1150	9	2	0x72722	0x082D	107770	0x72728	112	linear	n/a	ordinary	WriteFMIorII@s1.sounddriver.asm:1712-1717
284	1150	9	2	0x72728	0x6630	107882	0x7275A	70	branch	taken	control_flow	WriteFMIorII@s1.sounddriver.asm:1712-1717
285	1150	9	2	0x7275A	0x142D	107952	0x7275E	84	linear	n/a	ordinary	WriteFMIIPart@s1.sounddriver.asm:1745-1750
286	1150	9	2	0x7275E	0x0882	108036	0x72762	84	linear	n/a	ordinary	WriteFMIIPart@s1.sounddriver.asm:1745-1750
287	1150	9	2	0x72762	0xD002	108120	0x72764	28	linear	n/a	ordinary	WriteFMIIPart@s1.sounddriver.asm:1745-1750
288	1150	9	2	0x72764	0x1439	108148	0x7276A	119	linear	n/a	ordinary,busy_poll	WriteFMII@s1.sounddriver.asm:1752-1769
289	1150	9	2	0x7276A	0x0802	108267	0x7276E	84	linear	n/a	ordinary,busy_poll	WriteFMII@s1.sounddriver.asm:1752-1769
290	1150	9	2	0x7276E	0x66F4	108351	0x72764	70	branch	taken	control_flow	WriteFMII@s1.sounddriver.asm:1752-1769
291	1150	9	2	0x72764	0x1439	108421	0x7276A	119	linear	n/a	ordinary,busy_poll	WriteFMII@s1.sounddriver.asm:1752-1769
292	1150	9	2	0x7276A	0x0802	108540	0x7276E	70	linear	n/a	ordinary,busy_poll	WriteFMII@s1.sounddriver.asm:1752-1769
293	1150	9	2	0x7276E	0x66F4	108610	0x72764	70	branch	taken	control_flow	WriteFMII@s1.sounddriver.asm:1752-1769
294	1150	9	2	0x72764	0x1439	108680	0x7276A	119	linear	n/a	ordinary,busy_poll	WriteFMII@s1.sounddriver.asm:1752-1769
295	1150	9	2	0x7276A	0x0802	108799	0x7276E	70	linear	n/a	ordinary,busy_poll	WriteFMII@s1.sounddriver.asm:1752-1769
296	1150	9	2	0x7276E	0x66F4	108869	0x72770	56	branch	not_taken	control_flow	WriteFMII@s1.sounddriver.asm:1752-1769
297	1150	9	2	0x72770	0x13C0	108925	0x72776	119	linear	n/a	ordinary	WriteFMII@s1.sounddriver.asm:1752-1769
298	1150	9	2	0x72776	0x4E71	109044	0x72778	28	linear	n/a	ordinary	WriteFMII@s1.sounddriver.asm:1752-1769
299	1150	9	2	0x72778	0x4E71	109072	0x7277A	28	linear	n/a	ordinary	WriteFMII@s1.sounddriver.asm:1752-1769
300	1150	9	2	0x7277A	0x4E71	109100	0x7277C	28	linear	n/a	ordinary	WriteFMII@s1.sounddriver.asm:1752-1769
301	1150	9	2	0x7277C	0x1439	109128	0x72782	119	linear	n/a	ordinary,busy_poll	WriteFMII@s1.sounddriver.asm:1752-1769
302	1150	9	2	0x72782	0x0802	109247	0x72786	84	linear	n/a	ordinary,busy_poll	WriteFMII@s1.sounddriver.asm:1752-1769
303	1150	9	2	0x72786	0x66F4	109331	0x72788	56	branch	not_taken	control_flow,busy_poll	WriteFMII@s1.sounddriver.asm:1752-1769
304	1150	9	2	0x72788	0x13C1	109387	0x7278E	119	linear	n/a	ordinary,ym_write	WriteFMII@s1.sounddriver.asm:1752-1769
305	1150	10	2	0x7278E	0x4E75	109506	0x72C7A	112	return	target=0x72C7A	control_flow	WriteFMII@s1.sounddriver.asm:1752-1769
306	1150	10	2	0x72C7A	0x51CB	109618	0x72C72	70	branch	taken	control_flow	SetVoice@s1.sounddriver.asm:2328-2375
307	1150	10	2	0x72C72	0x101A	109688	0x72C74	56	linear	n/a	ordinary	SetVoice@s1.sounddriver.asm:2328-2375
308	1150	10	2	0x72C74	0x1219	109744	0x72C76	56	linear	n/a	ordinary	SetVoice@s1.sounddriver.asm:2328-2375
309	1150	10	2	0x72C76	0x4EBA	109800	0x72722	126	call	target=0x72722	control_flow	SetVoice@s1.sounddriver.asm:2328-2375
310	1150	10	2	0x72722	0x082D	109926	0x72728	112	linear	n/a	ordinary	WriteFMIorII@s1.sounddriver.asm:1712-1717
311	1150	10	2	0x72728	0x6630	110038	0x7275A	70	branch	taken	control_flow	WriteFMIorII@s1.sounddriver.asm:1712-1717
312	1150	10	2	0x7275A	0x142D	110108	0x7275E	84	linear	n/a	ordinary	WriteFMIIPart@s1.sounddriver.asm:1745-1750
313	1150	10	2	0x7275E	0x0882	110192	0x72762	98	linear	n/a	ordinary	WriteFMIIPart@s1.sounddriver.asm:1745-1750
314	1150	10	2	0x72762	0xD002	110290	0x72764	28	linear	n/a	ordinary	WriteFMIIPart@s1.sounddriver.asm:1745-1750
315	1150	10	2	0x72764	0x1439	110318	0x7276A	119	linear	n/a	ordinary,busy_poll	WriteFMII@s1.sounddriver.asm:1752-1769
316	1150	10	2	0x7276A	0x0802	110437	0x7276E	70	linear	n/a	ordinary,busy_poll	WriteFMII@s1.sounddriver.asm:1752-1769
317	1150	10	2	0x7276E	0x66F4	110507	0x72764	70	branch	taken	control_flow	WriteFMII@s1.sounddriver.asm:1752-1769
318	1150	10	2	0x72764	0x1439	110577	0x7276A	119	linear	n/a	ordinary,busy_poll	WriteFMII@s1.sounddriver.asm:1752-1769
319	1150	10	2	0x7276A	0x0802	110696	0x7276E	70	linear	n/a	ordinary,busy_poll	WriteFMII@s1.sounddriver.asm:1752-1769
320	1150	10	2	0x7276E	0x66F4	110766	0x72764	70	branch	taken	control_flow	WriteFMII@s1.sounddriver.asm:1752-1769
321	1150	10	2	0x72764	0x1439	110836	0x7276A	119	linear	n/a	ordinary,busy_poll	WriteFMII@s1.sounddriver.asm:1752-1769
322	1150	10	2	0x7276A	0x0802	110955	0x7276E	70	linear	n/a	ordinary,busy_poll	WriteFMII@s1.sounddriver.asm:1752-1769
323	1150	10	2	0x7276E	0x66F4	111025	0x72770	56	branch	not_taken	control_flow	WriteFMII@s1.sounddriver.asm:1752-1769
324	1150	10	2	0x72770	0x13C0	111081	0x72776	119	linear	n/a	ordinary	WriteFMII@s1.sounddriver.asm:1752-1769
325	1150	10	2	0x72776	0x4E71	111200	0x72778	42	linear	n/a	ordinary	WriteFMII@s1.sounddriver.asm:1752-1769
326	1150	10	2	0x72778	0x4E71	111242	0x7277A	28	linear	n/a	ordinary	WriteFMII@s1.sounddriver.asm:1752-1769
327	1150	10	2	0x7277A	0x4E71	111270	0x7277C	28	linear	n/a	ordinary	WriteFMII@s1.sounddriver.asm:1752-1769
328	1150	10	2	0x7277C	0x1439	111298	0x72782	119	linear	n/a	ordinary,busy_poll	WriteFMII@s1.sounddriver.asm:1752-1769
329	1150	10	2	0x72782	0x0802	111417	0x72786	70	linear	n/a	ordinary,busy_poll	WriteFMII@s1.sounddriver.asm:1752-1769
330	1150	10	2	0x72786	0x66F4	111487	0x72788	56	branch	not_taken	control_flow,busy_poll	WriteFMII@s1.sounddriver.asm:1752-1769
331	1150	10	2	0x72788	0x13C1	111543	0x7278E	119	linear	n/a	ordinary,ym_write	WriteFMII@s1.sounddriver.asm:1752-1769
332	1150	11	2	0x7278E	0x4E75	111662	0x72C7A	112	return	target=0x72C7A	control_flow	WriteFMII@s1.sounddriver.asm:1752-1769
333	1150	11	2	0x72C7A	0x51CB	111774	0x72C72	70	branch	taken	control_flow	SetVoice@s1.sounddriver.asm:2328-2375
334	1150	11	2	0x72C72	0x101A	111844	0x72C74	56	linear	n/a	ordinary	SetVoice@s1.sounddriver.asm:2328-2375
335	1150	11	2	0x72C74	0x1219	111900	0x72C76	56	linear	n/a	ordinary	SetVoice@s1.sounddriver.asm:2328-2375
336	1150	11	2	0x72C76	0x4EBA	111956	0x72722	126	call	target=0x72722	control_flow	SetVoice@s1.sounddriver.asm:2328-2375
337	1150	11	2	0x72722	0x082D	112082	0x72728	112	linear	n/a	ordinary	WriteFMIorII@s1.sounddriver.asm:1712-1717
338	1150	11	2	0x72728	0x6630	112194	0x7275A	84	branch	taken	control_flow	WriteFMIorII@s1.sounddriver.asm:1712-1717
339	1150	11	2	0x7275A	0x142D	112278	0x7275E	84	linear	n/a	ordinary	WriteFMIIPart@s1.sounddriver.asm:1745-1750
340	1150	11	2	0x7275E	0x0882	112362	0x72762	84	linear	n/a	ordinary	WriteFMIIPart@s1.sounddriver.asm:1745-1750
341	1150	11	2	0x72762	0xD002	112446	0x72764	28	linear	n/a	ordinary	WriteFMIIPart@s1.sounddriver.asm:1745-1750
342	1150	11	2	0x72764	0x1439	112474	0x7276A	119	linear	n/a	ordinary,busy_poll	WriteFMII@s1.sounddriver.asm:1752-1769
343	1150	11	2	0x7276A	0x0802	112593	0x7276E	70	linear	n/a	ordinary,busy_poll	WriteFMII@s1.sounddriver.asm:1752-1769
344	1150	11	2	0x7276E	0x66F4	112663	0x72764	70	branch	taken	control_flow	WriteFMII@s1.sounddriver.asm:1752-1769
345	1150	11	2	0x72764	0x1439	112733	0x7276A	119	linear	n/a	ordinary,busy_poll	WriteFMII@s1.sounddriver.asm:1752-1769
346	1150	11	2	0x7276A	0x0802	112852	0x7276E	70	linear	n/a	ordinary,busy_poll	WriteFMII@s1.sounddriver.asm:1752-1769
347	1150	11	2	0x7276E	0x66F4	112922	0x72764	70	branch	taken	control_flow	WriteFMII@s1.sounddriver.asm:1752-1769
348	1150	11	2	0x72764	0x1439	112992	0x7276A	119	linear	n/a	ordinary,busy_poll	WriteFMII@s1.sounddriver.asm:1752-1769
349	1150	11	2	0x7276A	0x0802	113111	0x7276E	84	linear	n/a	ordinary,busy_poll	WriteFMII@s1.sounddriver.asm:1752-1769
350	1150	11	2	0x7276E	0x66F4	113195	0x72770	56	branch	not_taken	control_flow	WriteFMII@s1.sounddriver.asm:1752-1769
351	1150	11	2	0x72770	0x13C0	113251	0x72776	119	linear	n/a	ordinary	WriteFMII@s1.sounddriver.asm:1752-1769
352	1150	11	2	0x72776	0x4E71	113370	0x72778	28	linear	n/a	ordinary	WriteFMII@s1.sounddriver.asm:1752-1769
353	1150	11	2	0x72778	0x4E71	113398	0x7277A	28	linear	n/a	ordinary	WriteFMII@s1.sounddriver.asm:1752-1769
354	1150	11	2	0x7277A	0x4E71	113426	0x7277C	28	linear	n/a	ordinary	WriteFMII@s1.sounddriver.asm:1752-1769
355	1150	11	2	0x7277C	0x1439	113454	0x72782	119	linear	n/a	ordinary,busy_poll	WriteFMII@s1.sounddriver.asm:1752-1769
356	1150	11	2	0x72782	0x0802	113573	0x72786	70	linear	n/a	ordinary,busy_poll	WriteFMII@s1.sounddriver.asm:1752-1769
357	1150	11	2	0x72786	0x66F4	113643	0x72788	56	branch	not_taken	control_flow,busy_poll	WriteFMII@s1.sounddriver.asm:1752-1769
358	1150	11	2	0x72788	0x13C1	113699	0x7278E	119	linear	n/a	ordinary,ym_write	WriteFMII@s1.sounddriver.asm:1752-1769
359	1150	12	2	0x7278E	0x4E75	113818	0x72C7A	112	return	target=0x72C7A	control_flow	WriteFMII@s1.sounddriver.asm:1752-1769
360	1150	12	2	0x72C7A	0x51CB	113930	0x72C72	70	branch	taken	control_flow	SetVoice@s1.sounddriver.asm:2328-2375
361	1150	12	2	0x72C72	0x101A	114000	0x72C74	56	linear	n/a	ordinary	SetVoice@s1.sounddriver.asm:2328-2375
362	1150	12	2	0x72C74	0x1219	114056	0x72C76	70	linear	n/a	ordinary	SetVoice@s1.sounddriver.asm:2328-2375
363	1150	12	2	0x72C76	0x4EBA	114126	0x72722	126	call	target=0x72722	control_flow	SetVoice@s1.sounddriver.asm:2328-2375
364	1150	12	2	0x72722	0x082D	114252	0x72728	112	linear	n/a	ordinary	WriteFMIorII@s1.sounddriver.asm:1712-1717
365	1150	12	2	0x72728	0x6630	114364	0x7275A	70	branch	taken	control_flow	WriteFMIorII@s1.sounddriver.asm:1712-1717
366	1150	12	2	0x7275A	0x142D	114434	0x7275E	84	linear	n/a	ordinary	WriteFMIIPart@s1.sounddriver.asm:1745-1750
367	1150	12	2	0x7275E	0x0882	114518	0x72762	84	linear	n/a	ordinary	WriteFMIIPart@s1.sounddriver.asm:1745-1750
368	1150	12	2	0x72762	0xD002	114602	0x72764	28	linear	n/a	ordinary	WriteFMIIPart@s1.sounddriver.asm:1745-1750
369	1150	12	2	0x72764	0x1439	114630	0x7276A	119	linear	n/a	ordinary,busy_poll	WriteFMII@s1.sounddriver.asm:1752-1769
370	1150	12	2	0x7276A	0x0802	114749	0x7276E	70	linear	n/a	ordinary,busy_poll	WriteFMII@s1.sounddriver.asm:1752-1769
371	1150	12	2	0x7276E	0x66F4	114819	0x72764	70	branch	taken	control_flow	WriteFMII@s1.sounddriver.asm:1752-1769
372	1150	12	2	0x72764	0x1439	114889	0x7276A	119	linear	n/a	ordinary,busy_poll	WriteFMII@s1.sounddriver.asm:1752-1769
373	1150	12	2	0x7276A	0x0802	115008	0x7276E	84	linear	n/a	ordinary,busy_poll	WriteFMII@s1.sounddriver.asm:1752-1769
374	1150	12	2	0x7276E	0x66F4	115092	0x72764	70	branch	taken	control_flow	WriteFMII@s1.sounddriver.asm:1752-1769
375	1150	12	2	0x72764	0x1439	115162	0x7276A	119	linear	n/a	ordinary,busy_poll	WriteFMII@s1.sounddriver.asm:1752-1769
376	1150	12	2	0x7276A	0x0802	115281	0x7276E	70	linear	n/a	ordinary,busy_poll	WriteFMII@s1.sounddriver.asm:1752-1769
377	1150	12	2	0x7276E	0x66F4	115351	0x72770	56	branch	not_taken	control_flow	WriteFMII@s1.sounddriver.asm:1752-1769
378	1150	12	2	0x72770	0x13C0	115407	0x72776	119	linear	n/a	ordinary	WriteFMII@s1.sounddriver.asm:1752-1769
379	1150	12	2	0x72776	0x4E71	115526	0x72778	28	linear	n/a	ordinary	WriteFMII@s1.sounddriver.asm:1752-1769
380	1150	12	2	0x72778	0x4E71	115554	0x7277A	28	linear	n/a	ordinary	WriteFMII@s1.sounddriver.asm:1752-1769
381	1150	12	2	0x7277A	0x4E71	115582	0x7277C	28	linear	n/a	ordinary	WriteFMII@s1.sounddriver.asm:1752-1769
382	1150	12	2	0x7277C	0x1439	115610	0x72782	119	linear	n/a	ordinary,busy_poll	WriteFMII@s1.sounddriver.asm:1752-1769
383	1150	12	2	0x72782	0x0802	115729	0x72786	70	linear	n/a	ordinary,busy_poll	WriteFMII@s1.sounddriver.asm:1752-1769
384	1150	12	2	0x72786	0x66F4	115799	0x72788	56	branch	not_taken	control_flow,busy_poll	WriteFMII@s1.sounddriver.asm:1752-1769
385	1150	12	2	0x72788	0x13C1	115855	0x7278E	119	linear	n/a	ordinary,ym_write	WriteFMII@s1.sounddriver.asm:1752-1769
386	1150	13	2	0x7278E	0x4E75	115974	0x72C7A	126	return	target=0x72C7A	control_flow	WriteFMII@s1.sounddriver.asm:1752-1769
387	1150	13	2	0x72C7A	0x51CB	116100	0x72C72	70	branch	taken	control_flow	SetVoice@s1.sounddriver.asm:2328-2375
388	1150	13	2	0x72C72	0x101A	116170	0x72C74	56	linear	n/a	ordinary	SetVoice@s1.sounddriver.asm:2328-2375
389	1150	13	2	0x72C74	0x1219	116226	0x72C76	56	linear	n/a	ordinary	SetVoice@s1.sounddriver.asm:2328-2375
390	1150	13	2	0x72C76	0x4EBA	116282	0x72722	126	call	target=0x72722	control_flow	SetVoice@s1.sounddriver.asm:2328-2375
391	1150	13	2	0x72722	0x082D	116408	0x72728	112	linear	n/a	ordinary	WriteFMIorII@s1.sounddriver.asm:1712-1717
392	1150	13	2	0x72728	0x6630	116520	0x7275A	70	branch	taken	control_flow	WriteFMIorII@s1.sounddriver.asm:1712-1717
393	1150	13	2	0x7275A	0x142D	116590	0x7275E	84	linear	n/a	ordinary	WriteFMIIPart@s1.sounddriver.asm:1745-1750
394	1150	13	2	0x7275E	0x0882	116674	0x72762	84	linear	n/a	ordinary	WriteFMIIPart@s1.sounddriver.asm:1745-1750
395	1150	13	2	0x72762	0xD002	116758	0x72764	28	linear	n/a	ordinary	WriteFMIIPart@s1.sounddriver.asm:1745-1750
396	1150	13	2	0x72764	0x1439	116786	0x7276A	119	linear	n/a	ordinary,busy_poll	WriteFMII@s1.sounddriver.asm:1752-1769
397	1150	13	2	0x7276A	0x0802	116905	0x7276E	84	linear	n/a	ordinary,busy_poll	WriteFMII@s1.sounddriver.asm:1752-1769
398	1150	13	2	0x7276E	0x66F4	116989	0x72764	70	branch	taken	control_flow	WriteFMII@s1.sounddriver.asm:1752-1769
399	1150	13	2	0x72764	0x1439	117059	0x7276A	119	linear	n/a	ordinary,busy_poll	WriteFMII@s1.sounddriver.asm:1752-1769
400	1150	13	2	0x7276A	0x0802	117178	0x7276E	70	linear	n/a	ordinary,busy_poll	WriteFMII@s1.sounddriver.asm:1752-1769
401	1150	13	2	0x7276E	0x66F4	117248	0x72764	70	branch	taken	control_flow	WriteFMII@s1.sounddriver.asm:1752-1769
402	1150	13	2	0x72764	0x1439	117318	0x7276A	119	linear	n/a	ordinary,busy_poll	WriteFMII@s1.sounddriver.asm:1752-1769
403	1150	13	2	0x7276A	0x0802	117437	0x7276E	70	linear	n/a	ordinary,busy_poll	WriteFMII@s1.sounddriver.asm:1752-1769
404	1150	13	2	0x7276E	0x66F4	117507	0x72770	56	branch	not_taken	control_flow	WriteFMII@s1.sounddriver.asm:1752-1769
405	1150	13	2	0x72770	0x13C0	117563	0x72776	119	linear	n/a	ordinary	WriteFMII@s1.sounddriver.asm:1752-1769
406	1150	13	2	0x72776	0x4E71	117682	0x72778	28	linear	n/a	ordinary	WriteFMII@s1.sounddriver.asm:1752-1769
407	1150	13	2	0x72778	0x4E71	117710	0x7277A	28	linear	n/a	ordinary	WriteFMII@s1.sounddriver.asm:1752-1769
408	1150	13	2	0x7277A	0x4E71	117738	0x7277C	28	linear	n/a	ordinary	WriteFMII@s1.sounddriver.asm:1752-1769
409	1150	13	2	0x7277C	0x1439	117766	0x72782	119	linear	n/a	ordinary,busy_poll	WriteFMII@s1.sounddriver.asm:1752-1769
410	1150	13	2	0x72782	0x0802	117885	0x72786	84	linear	n/a	ordinary,busy_poll	WriteFMII@s1.sounddriver.asm:1752-1769
411	1150	13	2	0x72786	0x66F4	117969	0x72788	56	branch	not_taken	control_flow,busy_poll	WriteFMII@s1.sounddriver.asm:1752-1769
412	1150	13	2	0x72788	0x13C1	118025	0x7278E	119	linear	n/a	ordinary,ym_write	WriteFMII@s1.sounddriver.asm:1752-1769
413	1150	14	2	0x7278E	0x4E75	118144	0x72C7A	112	return	target=0x72C7A	control_flow	WriteFMII@s1.sounddriver.asm:1752-1769
414	1150	14	2	0x72C7A	0x51CB	118256	0x72C72	70	branch	taken	control_flow	SetVoice@s1.sounddriver.asm:2328-2375
415	1150	14	2	0x72C72	0x101A	118326	0x72C74	56	linear	n/a	ordinary	SetVoice@s1.sounddriver.asm:2328-2375
416	1150	14	2	0x72C74	0x1219	118382	0x72C76	56	linear	n/a	ordinary	SetVoice@s1.sounddriver.asm:2328-2375
417	1150	14	2	0x72C76	0x4EBA	118438	0x72722	126	call	target=0x72722	control_flow	SetVoice@s1.sounddriver.asm:2328-2375
418	1150	14	2	0x72722	0x082D	118564	0x72728	112	linear	n/a	ordinary	WriteFMIorII@s1.sounddriver.asm:1712-1717
419	1150	14	2	0x72728	0x6630	118676	0x7275A	70	branch	taken	control_flow	WriteFMIorII@s1.sounddriver.asm:1712-1717
420	1150	14	2	0x7275A	0x142D	118746	0x7275E	84	linear	n/a	ordinary	WriteFMIIPart@s1.sounddriver.asm:1745-1750
421	1150	14	2	0x7275E	0x0882	118830	0x72762	98	linear	n/a	ordinary	WriteFMIIPart@s1.sounddriver.asm:1745-1750
422	1150	14	2	0x72762	0xD002	118928	0x72764	28	linear	n/a	ordinary	WriteFMIIPart@s1.sounddriver.asm:1745-1750
423	1150	14	2	0x72764	0x1439	118956	0x7276A	119	linear	n/a	ordinary,busy_poll	WriteFMII@s1.sounddriver.asm:1752-1769
424	1150	14	2	0x7276A	0x0802	119075	0x7276E	70	linear	n/a	ordinary,busy_poll	WriteFMII@s1.sounddriver.asm:1752-1769
425	1150	14	2	0x7276E	0x66F4	119145	0x72764	70	branch	taken	control_flow	WriteFMII@s1.sounddriver.asm:1752-1769
426	1150	14	2	0x72764	0x1439	119215	0x7276A	119	linear	n/a	ordinary,busy_poll	WriteFMII@s1.sounddriver.asm:1752-1769
427	1150	14	2	0x7276A	0x0802	119334	0x7276E	70	linear	n/a	ordinary,busy_poll	WriteFMII@s1.sounddriver.asm:1752-1769
428	1150	14	2	0x7276E	0x66F4	119404	0x72764	70	branch	taken	control_flow	WriteFMII@s1.sounddriver.asm:1752-1769
429	1150	14	2	0x72764	0x1439	119474	0x7276A	119	linear	n/a	ordinary,busy_poll	WriteFMII@s1.sounddriver.asm:1752-1769
430	1150	14	2	0x7276A	0x0802	119593	0x7276E	70	linear	n/a	ordinary,busy_poll	WriteFMII@s1.sounddriver.asm:1752-1769
431	1150	14	2	0x7276E	0x66F4	119663	0x72770	56	branch	not_taken	control_flow	WriteFMII@s1.sounddriver.asm:1752-1769
432	1150	14	2	0x72770	0x13C0	119719	0x72776	119	linear	n/a	ordinary	WriteFMII@s1.sounddriver.asm:1752-1769
433	1150	14	2	0x72776	0x4E71	119838	0x72778	42	linear	n/a	ordinary	WriteFMII@s1.sounddriver.asm:1752-1769
434	1150	14	2	0x72778	0x4E71	119880	0x7277A	28	linear	n/a	ordinary	WriteFMII@s1.sounddriver.asm:1752-1769
435	1150	14	2	0x7277A	0x4E71	119908	0x7277C	28	linear	n/a	ordinary	WriteFMII@s1.sounddriver.asm:1752-1769
436	1150	14	2	0x7277C	0x1439	119936	0x72782	119	linear	n/a	ordinary,busy_poll	WriteFMII@s1.sounddriver.asm:1752-1769
437	1150	14	2	0x72782	0x0802	120055	0x72786	70	linear	n/a	ordinary,busy_poll	WriteFMII@s1.sounddriver.asm:1752-1769
438	1150	14	2	0x72786	0x66F4	120125	0x72788	56	branch	not_taken	control_flow,busy_poll	WriteFMII@s1.sounddriver.asm:1752-1769
439	1150	14	2	0x72788	0x13C1	120181	0x7278E	119	linear	n/a	ordinary,ym_write	WriteFMII@s1.sounddriver.asm:1752-1769
440	1150	15	2	0x7278E	0x4E75	120300	0x72C7A	112	return	target=0x72C7A	control_flow	WriteFMII@s1.sounddriver.asm:1752-1769
441	1150	15	2	0x72C7A	0x51CB	120412	0x72C72	70	branch	taken	control_flow	SetVoice@s1.sounddriver.asm:2328-2375
442	1150	15	2	0x72C72	0x101A	120482	0x72C74	56	linear	n/a	ordinary	SetVoice@s1.sounddriver.asm:2328-2375
443	1150	15	2	0x72C74	0x1219	120538	0x72C76	56	linear	n/a	ordinary	SetVoice@s1.sounddriver.asm:2328-2375
444	1150	15	2	0x72C76	0x4EBA	120594	0x72722	126	call	target=0x72722	control_flow	SetVoice@s1.sounddriver.asm:2328-2375
445	1150	15	2	0x72722	0x082D	120720	0x72728	112	linear	n/a	ordinary	WriteFMIorII@s1.sounddriver.asm:1712-1717
446	1150	15	2	0x72728	0x6630	120832	0x7275A	84	branch	taken	control_flow	WriteFMIorII@s1.sounddriver.asm:1712-1717
447	1150	15	2	0x7275A	0x142D	120916	0x7275E	84	linear	n/a	ordinary	WriteFMIIPart@s1.sounddriver.asm:1745-1750
448	1150	15	2	0x7275E	0x0882	121000	0x72762	84	linear	n/a	ordinary	WriteFMIIPart@s1.sounddriver.asm:1745-1750
449	1150	15	2	0x72762	0xD002	121084	0x72764	28	linear	n/a	ordinary	WriteFMIIPart@s1.sounddriver.asm:1745-1750
450	1150	15	2	0x72764	0x1439	121112	0x7276A	119	linear	n/a	ordinary,busy_poll	WriteFMII@s1.sounddriver.asm:1752-1769
451	1150	15	2	0x7276A	0x0802	121231	0x7276E	70	linear	n/a	ordinary,busy_poll	WriteFMII@s1.sounddriver.asm:1752-1769
452	1150	15	2	0x7276E	0x66F4	121301	0x72764	70	branch	taken	control_flow	WriteFMII@s1.sounddriver.asm:1752-1769
453	1150	15	2	0x72764	0x1439	121371	0x7276A	119	linear	n/a	ordinary,busy_poll	WriteFMII@s1.sounddriver.asm:1752-1769
454	1150	15	2	0x7276A	0x0802	121490	0x7276E	70	linear	n/a	ordinary,busy_poll	WriteFMII@s1.sounddriver.asm:1752-1769
455	1150	15	2	0x7276E	0x66F4	121560	0x72764	70	branch	taken	control_flow	WriteFMII@s1.sounddriver.asm:1752-1769
456	1150	15	2	0x72764	0x1439	121630	0x7276A	119	linear	n/a	ordinary,busy_poll	WriteFMII@s1.sounddriver.asm:1752-1769
457	1150	15	2	0x7276A	0x0802	121749	0x7276E	84	linear	n/a	ordinary,busy_poll	WriteFMII@s1.sounddriver.asm:1752-1769
458	1150	15	2	0x7276E	0x66F4	121833	0x72770	56	branch	not_taken	control_flow	WriteFMII@s1.sounddriver.asm:1752-1769
459	1150	15	2	0x72770	0x13C0	121889	0x72776	119	linear	n/a	ordinary	WriteFMII@s1.sounddriver.asm:1752-1769
460	1150	15	2	0x72776	0x4E71	122008	0x72778	28	linear	n/a	ordinary	WriteFMII@s1.sounddriver.asm:1752-1769
461	1150	15	2	0x72778	0x4E71	122036	0x7277A	28	linear	n/a	ordinary	WriteFMII@s1.sounddriver.asm:1752-1769
462	1150	15	2	0x7277A	0x4E71	122064	0x7277C	28	linear	n/a	ordinary	WriteFMII@s1.sounddriver.asm:1752-1769
463	1150	15	2	0x7277C	0x1439	122092	0x72782	119	linear	n/a	ordinary,busy_poll	WriteFMII@s1.sounddriver.asm:1752-1769
464	1150	15	2	0x72782	0x0802	122211	0x72786	70	linear	n/a	ordinary,busy_poll	WriteFMII@s1.sounddriver.asm:1752-1769
465	1150	15	2	0x72786	0x66F4	122281	0x72788	56	branch	not_taken	control_flow,busy_poll	WriteFMII@s1.sounddriver.asm:1752-1769
466	1150	15	2	0x72788	0x13C1	122337	0x7278E	119	linear	n/a	ordinary,ym_write	WriteFMII@s1.sounddriver.asm:1752-1769
467	1150	16	2	0x7278E	0x4E75	122456	0x72C7A	112	return	target=0x72C7A	control_flow	WriteFMII@s1.sounddriver.asm:1752-1769
468	1150	16	2	0x72C7A	0x51CB	122568	0x72C72	70	branch	taken	control_flow	SetVoice@s1.sounddriver.asm:2328-2375
469	1150	16	2	0x72C72	0x101A	122638	0x72C74	56	linear	n/a	ordinary	SetVoice@s1.sounddriver.asm:2328-2375
470	1150	16	2	0x72C74	0x1219	122694	0x72C76	70	linear	n/a	ordinary	SetVoice@s1.sounddriver.asm:2328-2375
471	1150	16	2	0x72C76	0x4EBA	122764	0x72722	126	call	target=0x72722	control_flow	SetVoice@s1.sounddriver.asm:2328-2375
472	1150	16	2	0x72722	0x082D	122890	0x72728	112	linear	n/a	ordinary	WriteFMIorII@s1.sounddriver.asm:1712-1717
473	1150	16	2	0x72728	0x6630	123002	0x7275A	70	branch	taken	control_flow	WriteFMIorII@s1.sounddriver.asm:1712-1717
474	1150	16	2	0x7275A	0x142D	123072	0x7275E	84	linear	n/a	ordinary	WriteFMIIPart@s1.sounddriver.asm:1745-1750
475	1150	16	2	0x7275E	0x0882	123156	0x72762	84	linear	n/a	ordinary	WriteFMIIPart@s1.sounddriver.asm:1745-1750
476	1150	16	2	0x72762	0xD002	123240	0x72764	28	linear	n/a	ordinary	WriteFMIIPart@s1.sounddriver.asm:1745-1750
477	1150	16	2	0x72764	0x1439	123268	0x7276A	119	linear	n/a	ordinary,busy_poll	WriteFMII@s1.sounddriver.asm:1752-1769
478	1150	16	2	0x7276A	0x0802	123387	0x7276E	70	linear	n/a	ordinary,busy_poll	WriteFMII@s1.sounddriver.asm:1752-1769
479	1150	16	2	0x7276E	0x66F4	123457	0x72764	70	branch	taken	control_flow	WriteFMII@s1.sounddriver.asm:1752-1769
480	1150	16	2	0x72764	0x1439	123527	0x7276A	119	linear	n/a	ordinary,busy_poll	WriteFMII@s1.sounddriver.asm:1752-1769
481	1150	16	2	0x7276A	0x0802	123646	0x7276E	84	linear	n/a	ordinary,busy_poll	WriteFMII@s1.sounddriver.asm:1752-1769
482	1150	16	2	0x7276E	0x66F4	123730	0x72764	70	branch	taken	control_flow	WriteFMII@s1.sounddriver.asm:1752-1769
483	1150	16	2	0x72764	0x1439	123800	0x7276A	119	linear	n/a	ordinary,busy_poll	WriteFMII@s1.sounddriver.asm:1752-1769
484	1150	16	2	0x7276A	0x0802	123919	0x7276E	70	linear	n/a	ordinary,busy_poll	WriteFMII@s1.sounddriver.asm:1752-1769
485	1150	16	2	0x7276E	0x66F4	123989	0x72770	56	branch	not_taken	control_flow	WriteFMII@s1.sounddriver.asm:1752-1769
486	1150	16	2	0x72770	0x13C0	124045	0x72776	119	linear	n/a	ordinary	WriteFMII@s1.sounddriver.asm:1752-1769
487	1150	16	2	0x72776	0x4E71	124164	0x72778	28	linear	n/a	ordinary	WriteFMII@s1.sounddriver.asm:1752-1769
488	1150	16	2	0x72778	0x4E71	124192	0x7277A	28	linear	n/a	ordinary	WriteFMII@s1.sounddriver.asm:1752-1769
489	1150	16	2	0x7277A	0x4E71	124220	0x7277C	28	linear	n/a	ordinary	WriteFMII@s1.sounddriver.asm:1752-1769
490	1150	16	2	0x7277C	0x1439	124248	0x72782	119	linear	n/a	ordinary,busy_poll	WriteFMII@s1.sounddriver.asm:1752-1769
491	1150	16	2	0x72782	0x0802	124367	0x72786	70	linear	n/a	ordinary,busy_poll	WriteFMII@s1.sounddriver.asm:1752-1769
492	1150	16	2	0x72786	0x66F4	124437	0x72788	56	branch	not_taken	control_flow,busy_poll	WriteFMII@s1.sounddriver.asm:1752-1769
493	1150	16	2	0x72788	0x13C1	124493	0x7278E	119	linear	n/a	ordinary,ym_write	WriteFMII@s1.sounddriver.asm:1752-1769
494	1150	17	2	0x7278E	0x4E75	124612	0x72C7A	126	return	target=0x72C7A	control_flow	WriteFMII@s1.sounddriver.asm:1752-1769
495	1150	17	2	0x72C7A	0x51CB	124738	0x72C72	70	branch	taken	control_flow	SetVoice@s1.sounddriver.asm:2328-2375
496	1150	17	2	0x72C72	0x101A	124808	0x72C74	56	linear	n/a	ordinary	SetVoice@s1.sounddriver.asm:2328-2375
497	1150	17	2	0x72C74	0x1219	124864	0x72C76	56	linear	n/a	ordinary	SetVoice@s1.sounddriver.asm:2328-2375
498	1150	17	2	0x72C76	0x4EBA	124920	0x72722	126	call	target=0x72722	control_flow	SetVoice@s1.sounddriver.asm:2328-2375
499	1150	17	2	0x72722	0x082D	125046	0x72728	112	linear	n/a	ordinary	WriteFMIorII@s1.sounddriver.asm:1712-1717
500	1150	17	2	0x72728	0x6630	125158	0x7275A	70	branch	taken	control_flow	WriteFMIorII@s1.sounddriver.asm:1712-1717
501	1150	17	2	0x7275A	0x142D	125228	0x7275E	84	linear	n/a	ordinary	WriteFMIIPart@s1.sounddriver.asm:1745-1750
502	1150	17	2	0x7275E	0x0882	125312	0x72762	84	linear	n/a	ordinary	WriteFMIIPart@s1.sounddriver.asm:1745-1750
503	1150	17	2	0x72762	0xD002	125396	0x72764	28	linear	n/a	ordinary	WriteFMIIPart@s1.sounddriver.asm:1745-1750
504	1150	17	2	0x72764	0x1439	125424	0x7276A	119	linear	n/a	ordinary,busy_poll	WriteFMII@s1.sounddriver.asm:1752-1769
505	1150	17	2	0x7276A	0x0802	125543	0x7276E	84	linear	n/a	ordinary,busy_poll	WriteFMII@s1.sounddriver.asm:1752-1769
506	1150	17	2	0x7276E	0x66F4	125627	0x72764	70	branch	taken	control_flow	WriteFMII@s1.sounddriver.asm:1752-1769
507	1150	17	2	0x72764	0x1439	125697	0x7276A	119	linear	n/a	ordinary,busy_poll	WriteFMII@s1.sounddriver.asm:1752-1769
508	1150	17	2	0x7276A	0x0802	125816	0x7276E	70	linear	n/a	ordinary,busy_poll	WriteFMII@s1.sounddriver.asm:1752-1769
509	1150	17	2	0x7276E	0x66F4	125886	0x72764	70	branch	taken	control_flow	WriteFMII@s1.sounddriver.asm:1752-1769
510	1150	17	2	0x72764	0x1439	125956	0x7276A	119	linear	n/a	ordinary,busy_poll	WriteFMII@s1.sounddriver.asm:1752-1769
511	1150	17	2	0x7276A	0x0802	126075	0x7276E	70	linear	n/a	ordinary,busy_poll	WriteFMII@s1.sounddriver.asm:1752-1769
512	1150	17	2	0x7276E	0x66F4	126145	0x72770	56	branch	not_taken	control_flow	WriteFMII@s1.sounddriver.asm:1752-1769
513	1150	17	2	0x72770	0x13C0	126201	0x72776	119	linear	n/a	ordinary	WriteFMII@s1.sounddriver.asm:1752-1769
514	1150	17	2	0x72776	0x4E71	126320	0x72778	28	linear	n/a	ordinary	WriteFMII@s1.sounddriver.asm:1752-1769
515	1150	17	2	0x72778	0x4E71	126348	0x7277A	28	linear	n/a	ordinary	WriteFMII@s1.sounddriver.asm:1752-1769
516	1150	17	2	0x7277A	0x4E71	126376	0x7277C	28	linear	n/a	ordinary	WriteFMII@s1.sounddriver.asm:1752-1769
517	1150	17	2	0x7277C	0x1439	126404	0x72782	119	linear	n/a	ordinary,busy_poll	WriteFMII@s1.sounddriver.asm:1752-1769
518	1150	17	2	0x72782	0x0802	126523	0x72786	84	linear	n/a	ordinary,busy_poll	WriteFMII@s1.sounddriver.asm:1752-1769
519	1150	17	2	0x72786	0x66F4	126607	0x72788	56	branch	not_taken	control_flow,busy_poll	WriteFMII@s1.sounddriver.asm:1752-1769
520	1150	17	2	0x72788	0x13C1	126663	0x7278E	119	linear	n/a	ordinary,ym_write	WriteFMII@s1.sounddriver.asm:1752-1769
521	1150	18	2	0x7278E	0x4E75	126782	0x72C7A	112	return	target=0x72C7A	control_flow	WriteFMII@s1.sounddriver.asm:1752-1769
522	1150	18	2	0x72C7A	0x51CB	126894	0x72C72	70	branch	taken	control_flow	SetVoice@s1.sounddriver.asm:2328-2375
523	1150	18	2	0x72C72	0x101A	126964	0x72C74	56	linear	n/a	ordinary	SetVoice@s1.sounddriver.asm:2328-2375
524	1150	18	2	0x72C74	0x1219	127020	0x72C76	56	linear	n/a	ordinary	SetVoice@s1.sounddriver.asm:2328-2375
525	1150	18	2	0x72C76	0x4EBA	127076	0x72722	126	call	target=0x72722	control_flow	SetVoice@s1.sounddriver.asm:2328-2375
526	1150	18	2	0x72722	0x082D	127202	0x72728	112	linear	n/a	ordinary	WriteFMIorII@s1.sounddriver.asm:1712-1717
527	1150	18	2	0x72728	0x6630	127314	0x7275A	70	branch	taken	control_flow	WriteFMIorII@s1.sounddriver.asm:1712-1717
528	1150	18	2	0x7275A	0x142D	127384	0x7275E	84	linear	n/a	ordinary	WriteFMIIPart@s1.sounddriver.asm:1745-1750
529	1150	18	2	0x7275E	0x0882	127468	0x72762	98	linear	n/a	ordinary	WriteFMIIPart@s1.sounddriver.asm:1745-1750
530	1150	18	2	0x72762	0xD002	127566	0x72764	28	linear	n/a	ordinary	WriteFMIIPart@s1.sounddriver.asm:1745-1750
531	1150	18	2	0x72764	0x1439	127594	0x7276A	119	linear	n/a	ordinary,busy_poll	WriteFMII@s1.sounddriver.asm:1752-1769
532	1150	18	2	0x7276A	0x0802	127713	0x7276E	70	linear	n/a	ordinary,busy_poll	WriteFMII@s1.sounddriver.asm:1752-1769
533	1150	18	2	0x7276E	0x66F4	127783	0x72764	70	branch	taken	control_flow	WriteFMII@s1.sounddriver.asm:1752-1769
534	1150	18	2	0x72764	0x1439	127853	0x7276A	119	linear	n/a	ordinary,busy_poll	WriteFMII@s1.sounddriver.asm:1752-1769
535	1150	18	2	0x7276A	0x0802	127972	0x7276E	70	linear	n/a	ordinary,busy_poll	WriteFMII@s1.sounddriver.asm:1752-1769
536	1150	18	2	0x7276E	0x66F4	128042	0x72764	70	branch	taken	control_flow	WriteFMII@s1.sounddriver.asm:1752-1769
537	1150	18	2	0x72764	0x1439	128112	0x7276A	119	linear	n/a	ordinary,busy_poll	WriteFMII@s1.sounddriver.asm:1752-1769
538	1150	18	2	0x7276A	0x0802	128231	0x7276E	70	linear	n/a	ordinary,busy_poll	WriteFMII@s1.sounddriver.asm:1752-1769
539	1150	18	2	0x7276E	0x66F4	128301	0x72770	56	branch	not_taken	control_flow	WriteFMII@s1.sounddriver.asm:1752-1769
540	1150	18	2	0x72770	0x13C0	128357	0x72776	119	linear	n/a	ordinary	WriteFMII@s1.sounddriver.asm:1752-1769
541	1150	18	2	0x72776	0x4E71	128476	0x72778	42	linear	n/a	ordinary	WriteFMII@s1.sounddriver.asm:1752-1769
542	1150	18	2	0x72778	0x4E71	128518	0x7277A	28	linear	n/a	ordinary	WriteFMII@s1.sounddriver.asm:1752-1769
543	1150	18	2	0x7277A	0x4E71	128546	0x7277C	28	linear	n/a	ordinary	WriteFMII@s1.sounddriver.asm:1752-1769
544	1150	18	2	0x7277C	0x1439	128574	0x72782	119	linear	n/a	ordinary,busy_poll	WriteFMII@s1.sounddriver.asm:1752-1769
545	1150	18	2	0x72782	0x0802	128693	0x72786	70	linear	n/a	ordinary,busy_poll	WriteFMII@s1.sounddriver.asm:1752-1769
546	1150	18	2	0x72786	0x66F4	128763	0x72788	56	branch	not_taken	control_flow,busy_poll	WriteFMII@s1.sounddriver.asm:1752-1769
547	1150	18	2	0x72788	0x13C1	128819	0x7278E	119	linear	n/a	ordinary,ym_write	WriteFMII@s1.sounddriver.asm:1752-1769
548	1150	19	2	0x7278E	0x4E75	128938	0x72C7A	112	return	target=0x72C7A	control_flow	WriteFMII@s1.sounddriver.asm:1752-1769
549	1150	19	2	0x72C7A	0x51CB	129050	0x72C72	70	branch	taken	control_flow	SetVoice@s1.sounddriver.asm:2328-2375
550	1150	19	2	0x72C72	0x101A	129120	0x72C74	56	linear	n/a	ordinary	SetVoice@s1.sounddriver.asm:2328-2375
551	1150	19	2	0x72C74	0x1219	129176	0x72C76	56	linear	n/a	ordinary	SetVoice@s1.sounddriver.asm:2328-2375
552	1150	19	2	0x72C76	0x4EBA	129232	0x72722	126	call	target=0x72722	control_flow	SetVoice@s1.sounddriver.asm:2328-2375
553	1150	19	2	0x72722	0x082D	129358	0x72728	112	linear	n/a	ordinary	WriteFMIorII@s1.sounddriver.asm:1712-1717
554	1150	19	2	0x72728	0x6630	129470	0x7275A	84	branch	taken	control_flow	WriteFMIorII@s1.sounddriver.asm:1712-1717
555	1150	19	2	0x7275A	0x142D	129554	0x7275E	84	linear	n/a	ordinary	WriteFMIIPart@s1.sounddriver.asm:1745-1750
556	1150	19	2	0x7275E	0x0882	129638	0x72762	84	linear	n/a	ordinary	WriteFMIIPart@s1.sounddriver.asm:1745-1750
557	1150	19	2	0x72762	0xD002	129722	0x72764	28	linear	n/a	ordinary	WriteFMIIPart@s1.sounddriver.asm:1745-1750
558	1150	19	2	0x72764	0x1439	129750	0x7276A	119	linear	n/a	ordinary,busy_poll	WriteFMII@s1.sounddriver.asm:1752-1769
559	1150	19	2	0x7276A	0x0802	129869	0x7276E	70	linear	n/a	ordinary,busy_poll	WriteFMII@s1.sounddriver.asm:1752-1769
560	1150	19	2	0x7276E	0x66F4	129939	0x72764	70	branch	taken	control_flow	WriteFMII@s1.sounddriver.asm:1752-1769
561	1150	19	2	0x72764	0x1439	130009	0x7276A	119	linear	n/a	ordinary,busy_poll	WriteFMII@s1.sounddriver.asm:1752-1769
562	1150	19	2	0x7276A	0x0802	130128	0x7276E	70	linear	n/a	ordinary,busy_poll	WriteFMII@s1.sounddriver.asm:1752-1769
563	1150	19	2	0x7276E	0x66F4	130198	0x72764	70	branch	taken	control_flow	WriteFMII@s1.sounddriver.asm:1752-1769
564	1150	19	2	0x72764	0x1439	130268	0x7276A	119	linear	n/a	ordinary,busy_poll	WriteFMII@s1.sounddriver.asm:1752-1769
565	1150	19	2	0x7276A	0x0802	130387	0x7276E	84	linear	n/a	ordinary,busy_poll	WriteFMII@s1.sounddriver.asm:1752-1769
566	1150	19	2	0x7276E	0x66F4	130471	0x72770	56	branch	not_taken	control_flow	WriteFMII@s1.sounddriver.asm:1752-1769
567	1150	19	2	0x72770	0x13C0	130527	0x72776	119	linear	n/a	ordinary	WriteFMII@s1.sounddriver.asm:1752-1769
568	1150	19	2	0x72776	0x4E71	130646	0x72778	28	linear	n/a	ordinary	WriteFMII@s1.sounddriver.asm:1752-1769
569	1150	19	2	0x72778	0x4E71	130674	0x7277A	28	linear	n/a	ordinary	WriteFMII@s1.sounddriver.asm:1752-1769
570	1150	19	2	0x7277A	0x4E71	130702	0x7277C	28	linear	n/a	ordinary	WriteFMII@s1.sounddriver.asm:1752-1769
571	1150	19	2	0x7277C	0x1439	130730	0x72782	119	linear	n/a	ordinary,busy_poll	WriteFMII@s1.sounddriver.asm:1752-1769
572	1150	19	2	0x72782	0x0802	130849	0x72786	70	linear	n/a	ordinary,busy_poll	WriteFMII@s1.sounddriver.asm:1752-1769
573	1150	19	2	0x72786	0x66F4	130919	0x72788	56	branch	not_taken	control_flow,busy_poll	WriteFMII@s1.sounddriver.asm:1752-1769
574	1150	19	2	0x72788	0x13C1	130975	0x7278E	119	linear	n/a	ordinary,ym_write	WriteFMII@s1.sounddriver.asm:1752-1769
575	1150	20	2	0x7278E	0x4E75	131094	0x72C7A	112	return	target=0x72C7A	control_flow	WriteFMII@s1.sounddriver.asm:1752-1769
576	1150	20	2	0x72C7A	0x51CB	131206	0x72C7E	98	branch	not_taken	control_flow	SetVoice@s1.sounddriver.asm:2328-2375
577	1150	20	2	0x72C7E	0x7A03	131304	0x72C80	42	linear	n/a	ordinary	SetVoice@s1.sounddriver.asm:2328-2375
578	1150	20	2	0x72C80	0x0244	131346	0x72C84	56	linear	n/a	ordinary	SetVoice@s1.sounddriver.asm:2328-2375
579	1150	20	2	0x72C84	0x183B	131402	0x72C88	98	linear	n/a	ordinary	SetVoice@s1.sounddriver.asm:2328-2375
580	1150	20	2	0x72C88	0x162D	131500	0x72C8C	84	linear	n/a	ordinary	SetVoice@s1.sounddriver.asm:2328-2375
581	1150	20	2	0x72C8C	0x101A	131584	0x72C8E	56	linear	n/a	ordinary	SetVoice@s1.sounddriver.asm:2328-2375
582	1150	20	2	0x72C8E	0x1219	131640	0x72C90	56	linear	n/a	ordinary	SetVoice@s1.sounddriver.asm:2328-2375
583	1150	20	2	0x72C90	0xE20C	131696	0x72C92	56	linear	n/a	ordinary	SetVoice@s1.sounddriver.asm:2328-2375
584	1150	20	2	0x72C92	0x6402	131752	0x72C96	70	branch	taken	control_flow	SetVoice@s1.sounddriver.asm:2328-2375
585	1150	20	2	0x72C96	0x4EBA	131822	0x72722	126	call	target=0x72722	control_flow	SetVoice@s1.sounddriver.asm:2328-2375
586	1150	20	2	0x72722	0x082D	131948	0x72728	112	linear	n/a	ordinary	WriteFMIorII@s1.sounddriver.asm:1712-1717
587	1150	20	2	0x72728	0x6630	132060	0x7275A	70	branch	taken	control_flow	WriteFMIorII@s1.sounddriver.asm:1712-1717
588	1150	20	2	0x7275A	0x142D	132130	0x7275E	84	linear	n/a	ordinary	WriteFMIIPart@s1.sounddriver.asm:1745-1750
589	1150	20	2	0x7275E	0x0882	132214	0x72762	98	linear	n/a	ordinary	WriteFMIIPart@s1.sounddriver.asm:1745-1750
590	1150	20	2	0x72762	0xD002	132312	0x72764	28	linear	n/a	ordinary	WriteFMIIPart@s1.sounddriver.asm:1745-1750
591	1150	20	2	0x72764	0x1439	132340	0x7276A	119	linear	n/a	ordinary,busy_poll	WriteFMII@s1.sounddriver.asm:1752-1769
592	1150	20	2	0x7276A	0x0802	132459	0x7276E	70	linear	n/a	ordinary,busy_poll	WriteFMII@s1.sounddriver.asm:1752-1769
593	1150	20	2	0x7276E	0x66F4	132529	0x72770	56	branch	not_taken	control_flow	WriteFMII@s1.sounddriver.asm:1752-1769
594	1150	20	2	0x72770	0x13C0	132585	0x72776	119	linear	n/a	ordinary	WriteFMII@s1.sounddriver.asm:1752-1769
595	1150	20	2	0x72776	0x4E71	132704	0x72778	28	linear	n/a	ordinary	WriteFMII@s1.sounddriver.asm:1752-1769
596	1150	20	2	0x72778	0x4E71	132732	0x7277A	28	linear	n/a	ordinary	WriteFMII@s1.sounddriver.asm:1752-1769
597	1150	20	2	0x7277A	0x4E71	132760	0x7277C	28	linear	n/a	ordinary	WriteFMII@s1.sounddriver.asm:1752-1769
598	1150	20	2	0x7277C	0x1439	132788	0x72782	119	linear	n/a	ordinary,busy_poll	WriteFMII@s1.sounddriver.asm:1752-1769
599	1150	20	2	0x72782	0x0802	132907	0x72786	70	linear	n/a	ordinary,busy_poll	WriteFMII@s1.sounddriver.asm:1752-1769
600	1150	20	2	0x72786	0x66F4	132977	0x72788	56	branch	not_taken	control_flow,busy_poll	WriteFMII@s1.sounddriver.asm:1752-1769
601	1150	20	2	0x72788	0x13C1	133033	0x7278E	119	linear	n/a	ordinary,ym_write	WriteFMII@s1.sounddriver.asm:1752-1769
602	1150	21	2	0x7278E	0x4E75	133152	0x72C9A	126	return	target=0x72C9A	control_flow	WriteFMII@s1.sounddriver.asm:1752-1769
603	1150	21	2	0x72C9A	0x51CD	133278	0x72C8C	70	branch	taken	control_flow	SetVoice@s1.sounddriver.asm:2328-2375
604	1150	21	2	0x72C8C	0x101A	133348	0x72C8E	56	linear	n/a	ordinary	SetVoice@s1.sounddriver.asm:2328-2375
605	1150	21	2	0x72C8E	0x1219	133404	0x72C90	56	linear	n/a	ordinary	SetVoice@s1.sounddriver.asm:2328-2375
606	1150	21	2	0x72C90	0xE20C	133460	0x72C92	56	linear	n/a	ordinary	SetVoice@s1.sounddriver.asm:2328-2375
607	1150	21	2	0x72C92	0x6402	133516	0x72C94	56	branch	not_taken	control_flow	SetVoice@s1.sounddriver.asm:2328-2375
608	1150	21	2	0x72C94	0xD203	133572	0x72C96	28	linear	n/a	ordinary	SetVoice@s1.sounddriver.asm:2328-2375
609	1150	21	2	0x72C96	0x4EBA	133600	0x72722	126	call	target=0x72722	control_flow	SetVoice@s1.sounddriver.asm:2328-2375
610	1150	21	2	0x72722	0x082D	133726	0x72728	112	linear	n/a	ordinary	WriteFMIorII@s1.sounddriver.asm:1712-1717
611	1150	21	2	0x72728	0x6630	133838	0x7275A	70	branch	taken	control_flow	WriteFMIorII@s1.sounddriver.asm:1712-1717
612	1150	21	2	0x7275A	0x142D	133908	0x7275E	84	linear	n/a	ordinary	WriteFMIIPart@s1.sounddriver.asm:1745-1750
613	1150	21	2	0x7275E	0x0882	133992	0x72762	84	linear	n/a	ordinary	WriteFMIIPart@s1.sounddriver.asm:1745-1750
614	1150	21	2	0x72762	0xD002	134076	0x72764	42	linear	n/a	ordinary	WriteFMIIPart@s1.sounddriver.asm:1745-1750
615	1150	21	2	0x72764	0x1439	134118	0x7276A	119	linear	n/a	ordinary,busy_poll	WriteFMII@s1.sounddriver.asm:1752-1769
616	1150	21	2	0x7276A	0x0802	134237	0x7276E	70	linear	n/a	ordinary,busy_poll	WriteFMII@s1.sounddriver.asm:1752-1769
617	1150	21	2	0x7276E	0x66F4	134307	0x72764	70	branch	taken	control_flow	WriteFMII@s1.sounddriver.asm:1752-1769
618	1150	21	2	0x72764	0x1439	134377	0x7276A	119	linear	n/a	ordinary,busy_poll	WriteFMII@s1.sounddriver.asm:1752-1769
619	1150	21	2	0x7276A	0x0802	134496	0x7276E	70	linear	n/a	ordinary,busy_poll	WriteFMII@s1.sounddriver.asm:1752-1769
620	1150	21	2	0x7276E	0x66F4	134566	0x72764	70	branch	taken	control_flow	WriteFMII@s1.sounddriver.asm:1752-1769
621	1150	21	2	0x72764	0x1439	134636	0x7276A	119	linear	n/a	ordinary,busy_poll	WriteFMII@s1.sounddriver.asm:1752-1769
622	1150	21	2	0x7276A	0x0802	134755	0x7276E	70	linear	n/a	ordinary,busy_poll	WriteFMII@s1.sounddriver.asm:1752-1769
623	1150	21	2	0x7276E	0x66F4	134825	0x72770	56	branch	not_taken	control_flow	WriteFMII@s1.sounddriver.asm:1752-1769
624	1150	21	2	0x72770	0x13C0	134881	0x72776	119	linear	n/a	ordinary	WriteFMII@s1.sounddriver.asm:1752-1769
625	1150	21	2	0x72776	0x4E71	135000	0x72778	42	linear	n/a	ordinary	WriteFMII@s1.sounddriver.asm:1752-1769
626	1150	21	2	0x72778	0x4E71	135042	0x7277A	28	linear	n/a	ordinary	WriteFMII@s1.sounddriver.asm:1752-1769
627	1150	21	2	0x7277A	0x4E71	135070	0x7277C	28	linear	n/a	ordinary	WriteFMII@s1.sounddriver.asm:1752-1769
628	1150	21	2	0x7277C	0x1439	135098	0x72782	119	linear	n/a	ordinary,busy_poll	WriteFMII@s1.sounddriver.asm:1752-1769
629	1150	21	2	0x72782	0x0802	135217	0x72786	70	linear	n/a	ordinary,busy_poll	WriteFMII@s1.sounddriver.asm:1752-1769
630	1150	21	2	0x72786	0x66F4	135287	0x72788	56	branch	not_taken	control_flow,busy_poll	WriteFMII@s1.sounddriver.asm:1752-1769
631	1150	21	2	0x72788	0x13C1	135343	0x7278E	119	linear	n/a	ordinary,ym_write	WriteFMII@s1.sounddriver.asm:1752-1769
632	1150	22	2	0x7278E	0x4E75	135462	0x72C9A	112	return	target=0x72C9A	control_flow	WriteFMII@s1.sounddriver.asm:1752-1769
633	1150	22	2	0x72C9A	0x51CD	135574	0x72C8C	70	branch	taken	control_flow	SetVoice@s1.sounddriver.asm:2328-2375
634	1150	22	2	0x72C8C	0x101A	135644	0x72C8E	56	linear	n/a	ordinary	SetVoice@s1.sounddriver.asm:2328-2375
635	1150	22	2	0x72C8E	0x1219	135700	0x72C90	56	linear	n/a	ordinary	SetVoice@s1.sounddriver.asm:2328-2375
636	1150	22	2	0x72C90	0xE20C	135756	0x72C92	56	linear	n/a	ordinary	SetVoice@s1.sounddriver.asm:2328-2375
637	1150	22	2	0x72C92	0x6402	135812	0x72C96	70	branch	taken	control_flow	SetVoice@s1.sounddriver.asm:2328-2375
638	1150	22	2	0x72C96	0x4EBA	135882	0x72722	126	call	target=0x72722	control_flow	SetVoice@s1.sounddriver.asm:2328-2375
639	1150	22	2	0x72722	0x082D	136008	0x72728	126	linear	n/a	ordinary	WriteFMIorII@s1.sounddriver.asm:1712-1717
640	1150	22	2	0x72728	0x6630	136134	0x7275A	70	branch	taken	control_flow	WriteFMIorII@s1.sounddriver.asm:1712-1717
641	1150	22	2	0x7275A	0x142D	136204	0x7275E	84	linear	n/a	ordinary	WriteFMIIPart@s1.sounddriver.asm:1745-1750
642	1150	22	2	0x7275E	0x0882	136288	0x72762	84	linear	n/a	ordinary	WriteFMIIPart@s1.sounddriver.asm:1745-1750
643	1150	22	2	0x72762	0xD002	136372	0x72764	28	linear	n/a	ordinary	WriteFMIIPart@s1.sounddriver.asm:1745-1750
644	1150	22	2	0x72764	0x1439	136400	0x7276A	119	linear	n/a	ordinary,busy_poll	WriteFMII@s1.sounddriver.asm:1752-1769
645	1150	22	2	0x7276A	0x0802	136519	0x7276E	70	linear	n/a	ordinary,busy_poll	WriteFMII@s1.sounddriver.asm:1752-1769
646	1150	22	2	0x7276E	0x66F4	136589	0x72764	70	branch	taken	control_flow	WriteFMII@s1.sounddriver.asm:1752-1769
647	1150	22	2	0x72764	0x1439	136659	0x7276A	119	linear	n/a	ordinary,busy_poll	WriteFMII@s1.sounddriver.asm:1752-1769
648	1150	22	2	0x7276A	0x0802	136778	0x7276E	70	linear	n/a	ordinary,busy_poll	WriteFMII@s1.sounddriver.asm:1752-1769
649	1150	22	2	0x7276E	0x66F4	136848	0x72764	70	branch	taken	control_flow	WriteFMII@s1.sounddriver.asm:1752-1769
650	1150	22	2	0x72764	0x1439	136918	0x7276A	133	linear	n/a	ordinary,busy_poll	WriteFMII@s1.sounddriver.asm:1752-1769
651	1150	22	2	0x7276A	0x0802	137051	0x7276E	70	linear	n/a	ordinary,busy_poll	WriteFMII@s1.sounddriver.asm:1752-1769
652	1150	22	2	0x7276E	0x66F4	137121	0x72770	56	branch	not_taken	control_flow	WriteFMII@s1.sounddriver.asm:1752-1769
653	1150	22	2	0x72770	0x13C0	137177	0x72776	119	linear	n/a	ordinary	WriteFMII@s1.sounddriver.asm:1752-1769
654	1150	22	2	0x72776	0x4E71	137296	0x72778	28	linear	n/a	ordinary	WriteFMII@s1.sounddriver.asm:1752-1769
655	1150	22	2	0x72778	0x4E71	137324	0x7277A	28	linear	n/a	ordinary	WriteFMII@s1.sounddriver.asm:1752-1769
656	1150	22	2	0x7277A	0x4E71	137352	0x7277C	28	linear	n/a	ordinary	WriteFMII@s1.sounddriver.asm:1752-1769
657	1150	22	2	0x7277C	0x1439	137380	0x72782	119	linear	n/a	ordinary,busy_poll	WriteFMII@s1.sounddriver.asm:1752-1769
658	1150	22	2	0x72782	0x0802	137499	0x72786	70	linear	n/a	ordinary,busy_poll	WriteFMII@s1.sounddriver.asm:1752-1769
659	1150	22	2	0x72786	0x66F4	137569	0x72788	56	branch	not_taken	control_flow,busy_poll	WriteFMII@s1.sounddriver.asm:1752-1769
660	1150	22	2	0x72788	0x13C1	137625	0x7278E	119	linear	n/a	ordinary,ym_write	WriteFMII@s1.sounddriver.asm:1752-1769
661	1150	23	2	0x7278E	0x4E75	137744	0x72C9A	112	return	target=0x72C9A	control_flow	WriteFMII@s1.sounddriver.asm:1752-1769
662	1150	23	2	0x72C9A	0x51CD	137856	0x72C8C	84	branch	taken	control_flow	SetVoice@s1.sounddriver.asm:2328-2375
663	1150	23	2	0x72C8C	0x101A	137940	0x72C8E	56	linear	n/a	ordinary	SetVoice@s1.sounddriver.asm:2328-2375
664	1150	23	2	0x72C8E	0x1219	137996	0x72C90	56	linear	n/a	ordinary	SetVoice@s1.sounddriver.asm:2328-2375
665	1150	23	2	0x72C90	0xE20C	138052	0x72C92	56	linear	n/a	ordinary	SetVoice@s1.sounddriver.asm:2328-2375
666	1150	23	2	0x72C92	0x6402	138108	0x72C94	56	branch	not_taken	control_flow	SetVoice@s1.sounddriver.asm:2328-2375
667	1150	23	2	0x72C94	0xD203	138164	0x72C96	28	linear	n/a	ordinary	SetVoice@s1.sounddriver.asm:2328-2375
668	1150	23	2	0x72C96	0x4EBA	138192	0x72722	126	call	target=0x72722	control_flow	SetVoice@s1.sounddriver.asm:2328-2375
669	1150	23	2	0x72722	0x082D	138318	0x72728	112	linear	n/a	ordinary	WriteFMIorII@s1.sounddriver.asm:1712-1717
670	1150	23	2	0x72728	0x6630	138430	0x7275A	70	branch	taken	control_flow	WriteFMIorII@s1.sounddriver.asm:1712-1717
671	1150	23	2	0x7275A	0x142D	138500	0x7275E	84	linear	n/a	ordinary	WriteFMIIPart@s1.sounddriver.asm:1745-1750
672	1150	23	2	0x7275E	0x0882	138584	0x72762	84	linear	n/a	ordinary	WriteFMIIPart@s1.sounddriver.asm:1745-1750
673	1150	23	2	0x72762	0xD002	138668	0x72764	28	linear	n/a	ordinary	WriteFMIIPart@s1.sounddriver.asm:1745-1750
674	1150	23	2	0x72764	0x1439	138696	0x7276A	119	linear	n/a	ordinary,busy_poll	WriteFMII@s1.sounddriver.asm:1752-1769
675	1150	23	2	0x7276A	0x0802	138815	0x7276E	84	linear	n/a	ordinary,busy_poll	WriteFMII@s1.sounddriver.asm:1752-1769
676	1150	23	2	0x7276E	0x66F4	138899	0x72764	70	branch	taken	control_flow	WriteFMII@s1.sounddriver.asm:1752-1769
677	1150	23	2	0x72764	0x1439	138969	0x7276A	119	linear	n/a	ordinary,busy_poll	WriteFMII@s1.sounddriver.asm:1752-1769
678	1150	23	2	0x7276A	0x0802	139088	0x7276E	70	linear	n/a	ordinary,busy_poll	WriteFMII@s1.sounddriver.asm:1752-1769
679	1150	23	2	0x7276E	0x66F4	139158	0x72764	70	branch	taken	control_flow	WriteFMII@s1.sounddriver.asm:1752-1769
680	1150	23	2	0x72764	0x1439	139228	0x7276A	119	linear	n/a	ordinary,busy_poll	WriteFMII@s1.sounddriver.asm:1752-1769
681	1150	23	2	0x7276A	0x0802	139347	0x7276E	70	linear	n/a	ordinary,busy_poll	WriteFMII@s1.sounddriver.asm:1752-1769
682	1150	23	2	0x7276E	0x66F4	139417	0x72770	56	branch	not_taken	control_flow	WriteFMII@s1.sounddriver.asm:1752-1769
683	1150	23	2	0x72770	0x13C0	139473	0x72776	119	linear	n/a	ordinary	WriteFMII@s1.sounddriver.asm:1752-1769
684	1150	23	2	0x72776	0x4E71	139592	0x72778	28	linear	n/a	ordinary	WriteFMII@s1.sounddriver.asm:1752-1769
685	1150	23	2	0x72778	0x4E71	139620	0x7277A	28	linear	n/a	ordinary	WriteFMII@s1.sounddriver.asm:1752-1769
686	1150	23	2	0x7277A	0x4E71	139648	0x7277C	28	linear	n/a	ordinary	WriteFMII@s1.sounddriver.asm:1752-1769
687	1150	23	2	0x7277C	0x1439	139676	0x72782	119	linear	n/a	ordinary,busy_poll	WriteFMII@s1.sounddriver.asm:1752-1769
688	1150	23	2	0x72782	0x0802	139795	0x72786	84	linear	n/a	ordinary,busy_poll	WriteFMII@s1.sounddriver.asm:1752-1769
689	1150	23	2	0x72786	0x66F4	139879	0x72788	56	branch	not_taken	control_flow,busy_poll	WriteFMII@s1.sounddriver.asm:1752-1769
690	1150	23	2	0x72788	0x13C1	139935	0x7278E	119	linear	n/a	ordinary,ym_write	WriteFMII@s1.sounddriver.asm:1752-1769
691	1150	24	2	0x7278E	0x4E75	140054	0x72C9A	112	return	target=0x72C9A	control_flow	WriteFMII@s1.sounddriver.asm:1752-1769
692	1150	24	2	0x72C9A	0x51CD	140166	0x72C9E	98	branch	not_taken	control_flow	SetVoice@s1.sounddriver.asm:2328-2375
693	1150	24	2	0x72C9E	0x103C	140264	0x72CA2	56	linear	n/a	ordinary	SetVoice@s1.sounddriver.asm:2328-2375
694	1150	24	2	0x72CA2	0x122D	140320	0x72CA6	84	linear	n/a	ordinary	SetVoice@s1.sounddriver.asm:2328-2375
695	1150	24	2	0x72CA6	0x4EBA	140404	0x72722	126	call	target=0x72722	control_flow	SetVoice@s1.sounddriver.asm:2328-2375
696	1150	24	2	0x72722	0x082D	140530	0x72728	112	linear	n/a	ordinary	WriteFMIorII@s1.sounddriver.asm:1712-1717
697	1150	24	2	0x72728	0x6630	140642	0x7275A	70	branch	taken	control_flow	WriteFMIorII@s1.sounddriver.asm:1712-1717
698	1150	24	2	0x7275A	0x142D	140712	0x7275E	98	linear	n/a	ordinary	WriteFMIIPart@s1.sounddriver.asm:1745-1750
699	1150	24	2	0x7275E	0x0882	140810	0x72762	84	linear	n/a	ordinary	WriteFMIIPart@s1.sounddriver.asm:1745-1750
700	1150	24	2	0x72762	0xD002	140894	0x72764	28	linear	n/a	ordinary	WriteFMIIPart@s1.sounddriver.asm:1745-1750
701	1150	24	2	0x72764	0x1439	140922	0x7276A	119	linear	n/a	ordinary,busy_poll	WriteFMII@s1.sounddriver.asm:1752-1769
702	1150	24	2	0x7276A	0x0802	141041	0x7276E	70	linear	n/a	ordinary,busy_poll	WriteFMII@s1.sounddriver.asm:1752-1769
703	1150	24	2	0x7276E	0x66F4	141111	0x72764	70	branch	taken	control_flow	WriteFMII@s1.sounddriver.asm:1752-1769
704	1150	24	2	0x72764	0x1439	141181	0x7276A	119	linear	n/a	ordinary,busy_poll	WriteFMII@s1.sounddriver.asm:1752-1769
705	1150	24	2	0x7276A	0x0802	141300	0x7276E	70	linear	n/a	ordinary,busy_poll	WriteFMII@s1.sounddriver.asm:1752-1769
706	1150	24	2	0x7276E	0x66F4	141370	0x72764	70	branch	taken	control_flow	WriteFMII@s1.sounddriver.asm:1752-1769
707	1150	24	2	0x72764	0x1439	141440	0x7276A	119	linear	n/a	ordinary,busy_poll	WriteFMII@s1.sounddriver.asm:1752-1769
708	1150	24	2	0x7276A	0x0802	141559	0x7276E	70	linear	n/a	ordinary,busy_poll	WriteFMII@s1.sounddriver.asm:1752-1769
709	1150	24	2	0x7276E	0x66F4	141629	0x72770	70	branch	not_taken	control_flow	WriteFMII@s1.sounddriver.asm:1752-1769
710	1150	24	2	0x72770	0x13C0	141699	0x72776	119	linear	n/a	ordinary	WriteFMII@s1.sounddriver.asm:1752-1769
711	1150	24	2	0x72776	0x4E71	141818	0x72778	28	linear	n/a	ordinary	WriteFMII@s1.sounddriver.asm:1752-1769
712	1150	24	2	0x72778	0x4E71	141846	0x7277A	28	linear	n/a	ordinary	WriteFMII@s1.sounddriver.asm:1752-1769
713	1150	24	2	0x7277A	0x4E71	141874	0x7277C	28	linear	n/a	ordinary	WriteFMII@s1.sounddriver.asm:1752-1769
714	1150	24	2	0x7277C	0x1439	141902	0x72782	119	linear	n/a	ordinary,busy_poll	WriteFMII@s1.sounddriver.asm:1752-1769
715	1150	24	2	0x72782	0x0802	142021	0x72786	70	linear	n/a	ordinary,busy_poll	WriteFMII@s1.sounddriver.asm:1752-1769
716	1150	24	2	0x72786	0x66F4	142091	0x72788	56	branch	not_taken	control_flow,busy_poll	WriteFMII@s1.sounddriver.asm:1752-1769
717	1150	24	2	0x72788	0x13C1	142147	0x7278E	119	linear	n/a	ordinary,ym_write	WriteFMII@s1.sounddriver.asm:1752-1769
718	1150	25	2	0x7278E	0x4E75	142266	0x72CAA	112	return	target=0x72CAA	control_flow	WriteFMII@s1.sounddriver.asm:1752-1769
719	1150	25	2	0x72CAA	0x4E75	142378	0x71D02	112	return	target=0x71D02	control_flow	SetVoice@s1.sounddriver.asm:2328-2375
720	1150	25	2	0x71D02	0x60F0	142490	0x71CF4	70	branch	target=0x71CF4	control_flow	FMDoNext@s1.sounddriver.asm:365-393
721	1150	25	2	0x71CF4	0x7A00	142560	0x71CF6	42	linear	n/a	ordinary	FMDoNext@s1.sounddriver.asm:365-393
722	1150	25	2	0x71CF6	0x1A1C	142602	0x71CF8	56	linear	n/a	ordinary	FMDoNext@s1.sounddriver.asm:365-393
723	1150	25	2	0x71CF8	0x0C05	142658	0x71CFC	56	linear	n/a	ordinary	FMDoNext@s1.sounddriver.asm:365-393
724	1150	25	2	0x71CFC	0x6506	142714	0x71D04	70	branch	taken	control_flow	FMDoNext@s1.sounddriver.asm:365-393
725	1150	25	2	0x71D04	0x4EBA	142784	0x726FE	126	call	target=0x726FE	control_flow	FMDoNext@s1.sounddriver.asm:365-393
726	1150	25	2	0x726FE	0x0815	142910	0x72702	84	linear	n/a	ordinary	FMNoteOff@s1.sounddriver.asm:1683-1698
727	1150	25	2	0x72702	0x6610	142994	0x72704	56	branch	not_taken	control_flow	FMNoteOff@s1.sounddriver.asm:1683-1698
728	1150	25	2	0x72704	0x0815	143050	0x72708	84	linear	n/a	ordinary	FMNoteOff@s1.sounddriver.asm:1683-1698
729	1150	25	2	0x72708	0x660A	143134	0x7270A	56	branch	not_taken	control_flow	FMNoteOff@s1.sounddriver.asm:1683-1698
730	1150	25	2	0x7270A	0x7028	143190	0x7270C	28	linear	n/a	ordinary	FMNoteOff@s1.sounddriver.asm:1683-1698
731	1150	25	2	0x7270C	0x122D	143218	0x72710	84	linear	n/a	ordinary	FMNoteOff@s1.sounddriver.asm:1683-1698
732	1150	25	2	0x72710	0x6000	143302	0x7272E	70	branch	target=0x7272E	control_flow	FMNoteOff@s1.sounddriver.asm:1683-1698
733	1150	25	2	0x7272E	0x1439	143372	0x72734	119	linear	n/a	ordinary,busy_poll	WriteFMI@s1.sounddriver.asm:1725-1742
734	1150	25	2	0x72734	0x0802	143491	0x72738	84	linear	n/a	ordinary,busy_poll	WriteFMI@s1.sounddriver.asm:1725-1742
735	1150	25	2	0x72738	0x66F4	143575	0x7272E	70	branch	taken	control_flow	WriteFMI@s1.sounddriver.asm:1725-1742
736	1150	25	2	0x7272E	0x1439	143645	0x72734	119	linear	n/a	ordinary,busy_poll	WriteFMI@s1.sounddriver.asm:1725-1742
737	1150	25	2	0x72734	0x0802	143764	0x72738	70	linear	n/a	ordinary,busy_poll	WriteFMI@s1.sounddriver.asm:1725-1742
738	1150	25	2	0x72738	0x66F4	143834	0x7273A	56	branch	not_taken	control_flow	WriteFMI@s1.sounddriver.asm:1725-1742
739	1150	25	2	0x7273A	0x13C0	143890	0x72740	119	linear	n/a	ordinary	WriteFMI@s1.sounddriver.asm:1725-1742
740	1150	25	2	0x72740	0x4E71	144009	0x72742	28	linear	n/a	ordinary	WriteFMI@s1.sounddriver.asm:1725-1742
741	1150	25	2	0x72742	0x4E71	144037	0x72744	28	linear	n/a	ordinary	WriteFMI@s1.sounddriver.asm:1725-1742
742	1150	25	2	0x72744	0x4E71	144065	0x72746	28	linear	n/a	ordinary	WriteFMI@s1.sounddriver.asm:1725-1742
743	1150	25	2	0x72746	0x1439	144093	0x7274C	119	linear	n/a	ordinary,busy_poll	WriteFMI@s1.sounddriver.asm:1725-1742
744	1150	25	2	0x7274C	0x0802	144212	0x72750	70	linear	n/a	ordinary,busy_poll	WriteFMI@s1.sounddriver.asm:1725-1742
745	1150	25	2	0x72750	0x66F4	144282	0x72752	56	branch	not_taken	control_flow,busy_poll	WriteFMI@s1.sounddriver.asm:1725-1742
746	1150	25	2	0x72752	0x13C1	144338	0x72758	119	linear	n/a	ordinary,ym_write	WriteFMI@s1.sounddriver.asm:1725-1742
747	1150	26	2	0x72758	0x4E75	144457	0x71D08	126	return	target=0x71D08	control_flow	WriteFMI@s1.sounddriver.asm:1725-1742
748	1150	26	2	0x71D08	0x4A05	144583	0x71D0A	28	linear	n/a	ordinary	FMDoNext@s1.sounddriver.asm:365-393
749	1150	26	2	0x71D0A	0x6A0E	144611	0x71D0C	56	branch	not_taken	control_flow	FMDoNext@s1.sounddriver.asm:365-393
750	1150	26	2	0x71D0C	0x4EBA	144667	0x71D22	126	call	target=0x71D22	control_flow	FMDoNext@s1.sounddriver.asm:365-393
751	1150	26	2	0x71D22	0x0405	144793	0x71D26	56	linear	n/a	ordinary	FMSetFreq@s1.sounddriver.asm:396-407
752	1150	26	2	0x71D26	0x6730	144849	0x71D28	56	branch	not_taken	control_flow	FMSetFreq@s1.sounddriver.asm:396-407
753	1150	26	2	0x71D28	0xDA2D	144905	0x71D2C	84	linear	n/a	ordinary	FMSetFreq@s1.sounddriver.asm:396-407
754	1150	26	2	0x71D2C	0x0245	144989	0x71D30	56	linear	n/a	ordinary	FMSetFreq@s1.sounddriver.asm:396-407
755	1150	26	2	0x71D30	0xE34D	145045	0x71D32	56	linear	n/a	ordinary	FMSetFreq@s1.sounddriver.asm:396-407
756	1150	26	2	0x71D32	0x41FA	145101	0x71D36	56	linear	n/a	ordinary	FMSetFreq@s1.sounddriver.asm:396-407
757	1150	26	2	0x71D36	0x3C30	145157	0x71D3A	98	linear	n/a	ordinary	FMSetFreq@s1.sounddriver.asm:396-407
758	1150	26	2	0x71D3A	0x3B46	145255	0x71D3E	84	linear	n/a	ordinary	FMSetFreq@s1.sounddriver.asm:396-407
759	1150	26	2	0x71D3E	0x4E75	145339	0x71D10	112	return	target=0x71D10	control_flow	FMSetFreq@s1.sounddriver.asm:396-407
760	1150	26	2	0x71D10	0x1A1C	145451	0x71D12	70	linear	n/a	ordinary	FMDoNext@s1.sounddriver.asm:365-393
761	1150	26	2	0x71D12	0x6A06	145521	0x71D1A	70	branch	taken	control_flow	FMDoNext@s1.sounddriver.asm:365-393
762	1150	26	2	0x71D1A	0x4EBA	145591	0x71D40	126	call	target=0x71D40	control_flow	FMDoNext@s1.sounddriver.asm:365-393
763	1150	26	2	0x71D40	0x1005	145717	0x71D42	28	linear	n/a	ordinary	SetDuration@s1.sounddriver.asm:410-426
764	1150	26	2	0x71D42	0x122D	145745	0x71D46	84	linear	n/a	ordinary	SetDuration@s1.sounddriver.asm:410-426
765	1150	26	2	0x71D46	0x5301	145829	0x71D48	28	linear	n/a	ordinary	SetDuration@s1.sounddriver.asm:410-426
766	1150	26	2	0x71D48	0x6704	145857	0x71D4E	70	branch	taken	control_flow	SetDuration@s1.sounddriver.asm:410-426
767	1150	26	2	0x71D4E	0x1B40	145927	0x71D52	84	linear	n/a	ordinary	SetDuration@s1.sounddriver.asm:410-426
768	1150	26	2	0x71D52	0x1B40	146011	0x71D56	84	linear	n/a	ordinary	SetDuration@s1.sounddriver.asm:410-426
769	1150	26	2	0x71D56	0x4E75	146095	0x71D1E	112	return	target=0x71D1E	control_flow	SetDuration@s1.sounddriver.asm:410-426
770	1150	26	2	0x71D1E	0x6000	146207	0x71D60	70	branch	target=0x71D60	control_flow	FMDoNext@s1.sounddriver.asm:365-393
771	1150	26	2	0x71D60	0x2B4C	146277	0x71D64	112	linear	n/a	ordinary	FinishTrackUpdate@s1.sounddriver.asm:435-456
772	1150	26	2	0x71D64	0x1B6D	146389	0x71D6A	154	linear	n/a	ordinary	FinishTrackUpdate@s1.sounddriver.asm:435-456
773	1150	26	2	0x71D6A	0x0815	146543	0x71D6E	84	linear	n/a	ordinary	FinishTrackUpdate@s1.sounddriver.asm:435-456
774	1150	26	2	0x71D6E	0x662C	146627	0x71D70	56	branch	not_taken	control_flow	FinishTrackUpdate@s1.sounddriver.asm:435-456
775	1150	26	2	0x71D70	0x1B6D	146683	0x71D76	140	linear	n/a	ordinary	FinishTrackUpdate@s1.sounddriver.asm:435-456
776	1150	26	2	0x71D76	0x422D	146823	0x71D7A	112	linear	n/a	ordinary	FinishTrackUpdate@s1.sounddriver.asm:435-456
777	1150	26	2	0x71D7A	0x0815	146935	0x71D7E	84	linear	n/a	ordinary	FinishTrackUpdate@s1.sounddriver.asm:435-456
778	1150	26	2	0x71D7E	0x671C	147019	0x71D80	56	branch	not_taken	control_flow	FinishTrackUpdate@s1.sounddriver.asm:435-456
779	1150	26	2	0x71D80	0x206D	147075	0x71D84	112	linear	n/a	ordinary	FinishTrackUpdate@s1.sounddriver.asm:435-456
780	1150	26	2	0x71D84	0x1B58	147187	0x71D88	112	linear	n/a	ordinary	FinishTrackUpdate@s1.sounddriver.asm:435-456
781	1150	26	2	0x71D88	0x1B58	147299	0x71D8C	126	linear	n/a	ordinary	FinishTrackUpdate@s1.sounddriver.asm:435-456
782	1150	26	2	0x71D8C	0x1B58	147425	0x71D90	112	linear	n/a	ordinary	FinishTrackUpdate@s1.sounddriver.asm:435-456
783	1150	26	2	0x71D90	0x1018	147537	0x71D92	56	linear	n/a	ordinary	FinishTrackUpdate@s1.sounddriver.asm:435-456
784	1150	26	2	0x71D92	0xE208	147593	0x71D94	56	linear	n/a	ordinary	FinishTrackUpdate@s1.sounddriver.asm:435-456
785	1150	26	2	0x71D94	0x1B40	147649	0x71D98	84	linear	n/a	ordinary	FinishTrackUpdate@s1.sounddriver.asm:435-456
786	1150	26	2	0x71D98	0x426D	147733	0x71D9C	112	linear	n/a	ordinary	FinishTrackUpdate@s1.sounddriver.asm:435-456
787	1150	26	2	0x71D9C	0x4E75	147845	0x71CD8	112	return	target=0x71CD8	control_flow	FinishTrackUpdate@s1.sounddriver.asm:435-456
788	1150	26	2	0x71CD8	0x4EBA	147957	0x71E18	126	call	target=0x71E18	control_flow	FMUpdateTrack@s1.sounddriver.asm:348-362
789	1150	26	2	0x71E18	0x0815	148083	0x71E1C	84	linear	n/a	ordinary	FMPrepareNote@s1.sounddriver.asm:523-529
790	1150	26	2	0x71E1C	0x662A	148167	0x71E1E	56	branch	not_taken	control_flow	FMPrepareNote@s1.sounddriver.asm:523-529
791	1150	26	2	0x71E1E	0x3C2D	148223	0x71E22	98	linear	n/a	ordinary	FMPrepareNote@s1.sounddriver.asm:523-529
792	1150	26	2	0x71E22	0x6726	148321	0x71E24	56	branch	not_taken	control_flow	FMPrepareNote@s1.sounddriver.asm:523-529
793	1150	26	2	0x71E24	0x102D	148377	0x71E28	84	linear	n/a	ordinary	FMUpdateFreq@s1.sounddriver.asm:529-545
794	1150	26	2	0x71E28	0x4880	148461	0x71E2A	28	linear	n/a	ordinary	FMUpdateFreq@s1.sounddriver.asm:529-545
795	1150	26	2	0x71E2A	0xDC40	148489	0x71E2C	28	linear	n/a	ordinary	FMUpdateFreq@s1.sounddriver.asm:529-545
796	1150	26	2	0x71E2C	0x0815	148517	0x71E30	84	linear	n/a	ordinary	FMUpdateFreq@s1.sounddriver.asm:529-545
797	1150	26	2	0x71E30	0x6616	148601	0x71E32	56	branch	not_taken	control_flow	FMUpdateFreq@s1.sounddriver.asm:529-545
798	1150	26	2	0x71E32	0x3206	148657	0x71E34	28	linear	n/a	ordinary	FMUpdateFreq@s1.sounddriver.asm:529-545
799	1150	26	2	0x71E34	0xE049	148685	0x71E36	154	linear	n/a	ordinary	FMUpdateFreq@s1.sounddriver.asm:529-545
800	1150	26	2	0x71E36	0x103C	148839	0x71E3A	56	linear	n/a	ordinary	FMUpdateFreq@s1.sounddriver.asm:529-545
801	1150	26	2	0x71E3A	0x4EBA	148895	0x72722	126	call	target=0x72722	control_flow	FMUpdateFreq@s1.sounddriver.asm:529-545
802	1150	26	2	0x72722	0x082D	149021	0x72728	112	linear	n/a	ordinary	WriteFMIorII@s1.sounddriver.asm:1712-1717
803	1150	26	2	0x72728	0x6630	149133	0x7275A	84	branch	taken	control_flow	WriteFMIorII@s1.sounddriver.asm:1712-1717
804	1150	26	2	0x7275A	0x142D	149217	0x7275E	84	linear	n/a	ordinary	WriteFMIIPart@s1.sounddriver.asm:1745-1750
805	1150	26	2	0x7275E	0x0882	149301	0x72762	84	linear	n/a	ordinary	WriteFMIIPart@s1.sounddriver.asm:1745-1750
806	1150	26	2	0x72762	0xD002	149385	0x72764	28	linear	n/a	ordinary	WriteFMIIPart@s1.sounddriver.asm:1745-1750
807	1150	26	2	0x72764	0x1439	149413	0x7276A	119	linear	n/a	ordinary,busy_poll	WriteFMII@s1.sounddriver.asm:1752-1769
808	1150	26	2	0x7276A	0x0802	149532	0x7276E	70	linear	n/a	ordinary,busy_poll	WriteFMII@s1.sounddriver.asm:1752-1769
809	1150	26	2	0x7276E	0x66F4	149602	0x72770	56	branch	not_taken	control_flow	WriteFMII@s1.sounddriver.asm:1752-1769
810	1150	26	2	0x72770	0x13C0	149658	0x72776	119	linear	n/a	ordinary	WriteFMII@s1.sounddriver.asm:1752-1769
811	1150	26	2	0x72776	0x4E71	149777	0x72778	28	linear	n/a	ordinary	WriteFMII@s1.sounddriver.asm:1752-1769
812	1150	26	2	0x72778	0x4E71	149805	0x7277A	28	linear	n/a	ordinary	WriteFMII@s1.sounddriver.asm:1752-1769
813	1150	26	2	0x7277A	0x4E71	149833	0x7277C	28	linear	n/a	ordinary	WriteFMII@s1.sounddriver.asm:1752-1769
814	1150	26	2	0x7277C	0x1439	149861	0x72782	119	linear	n/a	ordinary,busy_poll	WriteFMII@s1.sounddriver.asm:1752-1769
815	1150	26	2	0x72782	0x0802	149980	0x72786	70	linear	n/a	ordinary,busy_poll	WriteFMII@s1.sounddriver.asm:1752-1769
816	1150	26	2	0x72786	0x66F4	150050	0x72788	70	branch	not_taken	control_flow,busy_poll	WriteFMII@s1.sounddriver.asm:1752-1769
817	1150	26	2	0x72788	0x13C1	150120	0x7278E	119	linear	n/a	ordinary,ym_write	WriteFMII@s1.sounddriver.asm:1752-1769
818	1150	27	2	0x7278E	0x4E75	150239	0x71E3E	112	return	target=0x71E3E	control_flow	WriteFMII@s1.sounddriver.asm:1752-1769
819	1150	27	2	0x71E3E	0x1206	150351	0x71E40	28	linear	n/a	ordinary	FMUpdateFreq@s1.sounddriver.asm:529-545
820	1150	27	2	0x71E40	0x103C	150379	0x71E44	56	linear	n/a	ordinary	FMUpdateFreq@s1.sounddriver.asm:529-545
821	1150	27	2	0x71E44	0x4EBA	150435	0x72722	126	call	target=0x72722	control_flow	FMUpdateFreq@s1.sounddriver.asm:529-545
822	1150	27	2	0x72722	0x082D	150561	0x72728	112	linear	n/a	ordinary	WriteFMIorII@s1.sounddriver.asm:1712-1717
823	1150	27	2	0x72728	0x6630	150673	0x7275A	70	branch	taken	control_flow	WriteFMIorII@s1.sounddriver.asm:1712-1717
824	1150	27	2	0x7275A	0x142D	150743	0x7275E	84	linear	n/a	ordinary	WriteFMIIPart@s1.sounddriver.asm:1745-1750
825	1150	27	2	0x7275E	0x0882	150827	0x72762	84	linear	n/a	ordinary	WriteFMIIPart@s1.sounddriver.asm:1745-1750
826	1150	27	2	0x72762	0xD002	150911	0x72764	28	linear	n/a	ordinary	WriteFMIIPart@s1.sounddriver.asm:1745-1750
827	1150	27	2	0x72764	0x1439	150939	0x7276A	119	linear	n/a	ordinary,busy_poll	WriteFMII@s1.sounddriver.asm:1752-1769
828	1150	27	2	0x7276A	0x0802	151058	0x7276E	84	linear	n/a	ordinary,busy_poll	WriteFMII@s1.sounddriver.asm:1752-1769
829	1150	27	2	0x7276E	0x66F4	151142	0x72764	70	branch	taken	control_flow	WriteFMII@s1.sounddriver.asm:1752-1769
830	1150	27	2	0x72764	0x1439	151212	0x7276A	119	linear	n/a	ordinary,busy_poll	WriteFMII@s1.sounddriver.asm:1752-1769
831	1150	27	2	0x7276A	0x0802	151331	0x7276E	70	linear	n/a	ordinary,busy_poll	WriteFMII@s1.sounddriver.asm:1752-1769
832	1150	27	2	0x7276E	0x66F4	151401	0x72764	70	branch	taken	control_flow	WriteFMII@s1.sounddriver.asm:1752-1769
833	1150	27	2	0x72764	0x1439	151471	0x7276A	119	linear	n/a	ordinary,busy_poll	WriteFMII@s1.sounddriver.asm:1752-1769
834	1150	27	2	0x7276A	0x0802	151590	0x7276E	70	linear	n/a	ordinary,busy_poll	WriteFMII@s1.sounddriver.asm:1752-1769
835	1150	27	2	0x7276E	0x66F4	151660	0x72764	70	branch	taken	control_flow	WriteFMII@s1.sounddriver.asm:1752-1769
836	1150	27	2	0x72764	0x1439	151730	0x7276A	119	linear	n/a	ordinary,busy_poll	WriteFMII@s1.sounddriver.asm:1752-1769
837	1150	27	2	0x7276A	0x0802	151849	0x7276E	70	linear	n/a	ordinary,busy_poll	WriteFMII@s1.sounddriver.asm:1752-1769
838	1150	27	2	0x7276E	0x66F4	151919	0x72770	56	branch	not_taken	control_flow	WriteFMII@s1.sounddriver.asm:1752-1769
839	1150	27	2	0x72770	0x13C0	151975	0x72776	133	linear	n/a	ordinary	WriteFMII@s1.sounddriver.asm:1752-1769
840	1150	27	2	0x72776	0x4E71	152108	0x72778	28	linear	n/a	ordinary	WriteFMII@s1.sounddriver.asm:1752-1769
841	1150	27	2	0x72778	0x4E71	152136	0x7277A	28	linear	n/a	ordinary	WriteFMII@s1.sounddriver.asm:1752-1769
842	1150	27	2	0x7277A	0x4E71	152164	0x7277C	28	linear	n/a	ordinary	WriteFMII@s1.sounddriver.asm:1752-1769
843	1150	27	2	0x7277C	0x1439	152192	0x72782	119	linear	n/a	ordinary,busy_poll	WriteFMII@s1.sounddriver.asm:1752-1769
844	1150	27	2	0x72782	0x0802	152311	0x72786	70	linear	n/a	ordinary,busy_poll	WriteFMII@s1.sounddriver.asm:1752-1769
845	1150	27	2	0x72786	0x66F4	152381	0x72788	56	branch	not_taken	control_flow,busy_poll	WriteFMII@s1.sounddriver.asm:1752-1769
846	1150	27	2	0x72788	0x13C1	152437	0x7278E	119	linear	n/a	ordinary,ym_write	WriteFMII@s1.sounddriver.asm:1752-1769
847	1150	28	2	0x7278E	0x4E75	152556	0x71E48	112	return	target=0x71E48	control_flow	WriteFMII@s1.sounddriver.asm:1752-1769
848	1150	28	2	0x71E48	0x4E75	152668	0x71CDC	112	return	target=0x71CDC	control_flow	FMUpdateFreq@s1.sounddriver.asm:529-545
849	1150	28	2	0x71CDC	0x6000	152780	0x726E2	70	branch	target=0x726E2	control_flow	FMUpdateTrack@s1.sounddriver.asm:348-362
850	1150	28	2	0x726E2	0x0815	152850	0x726E6	84	linear	n/a	ordinary	FMNoteOn@s1.sounddriver.asm:1667-1680
851	1150	28	2	0x726E6	0x6614	152934	0x726E8	70	branch	not_taken	control_flow	FMNoteOn@s1.sounddriver.asm:1667-1680
852	1150	28	2	0x726E8	0x0815	153004	0x726EC	84	linear	n/a	ordinary	FMNoteOn@s1.sounddriver.asm:1667-1680
853	1150	28	2	0x726EC	0x660E	153088	0x726EE	56	branch	not_taken	control_flow	FMNoteOn@s1.sounddriver.asm:1667-1680
854	1150	28	2	0x726EE	0x7028	153144	0x726F0	28	linear	n/a	ordinary	FMNoteOn@s1.sounddriver.asm:1667-1680
855	1150	28	2	0x726F0	0x122D	153172	0x726F4	84	linear	n/a	ordinary	FMNoteOn@s1.sounddriver.asm:1667-1680
856	1150	28	2	0x726F4	0x0001	153256	0x726F8	56	linear	n/a	ordinary	FMNoteOn@s1.sounddriver.asm:1667-1680
857	1150	28	2	0x726F8	0x6000	153312	0x7272E	70	branch	target=0x7272E	control_flow	FMNoteOn@s1.sounddriver.asm:1667-1680
858	1150	28	2	0x7272E	0x1439	153382	0x72734	119	linear	n/a	ordinary,busy_poll	WriteFMI@s1.sounddriver.asm:1725-1742
859	1150	28	2	0x72734	0x0802	153501	0x72738	70	linear	n/a	ordinary,busy_poll	WriteFMI@s1.sounddriver.asm:1725-1742
860	1150	28	2	0x72738	0x66F4	153571	0x7272E	70	branch	taken	control_flow	WriteFMI@s1.sounddriver.asm:1725-1742
861	1150	28	2	0x7272E	0x1439	153641	0x72734	119	linear	n/a	ordinary,busy_poll	WriteFMI@s1.sounddriver.asm:1725-1742
862	1150	28	2	0x72734	0x0802	153760	0x72738	70	linear	n/a	ordinary,busy_poll	WriteFMI@s1.sounddriver.asm:1725-1742
863	1150	28	2	0x72738	0x66F4	153830	0x7272E	84	branch	taken	control_flow	WriteFMI@s1.sounddriver.asm:1725-1742
864	1150	28	2	0x7272E	0x1439	153914	0x72734	119	linear	n/a	ordinary,busy_poll	WriteFMI@s1.sounddriver.asm:1725-1742
865	1150	28	2	0x72734	0x0802	154033	0x72738	70	linear	n/a	ordinary,busy_poll	WriteFMI@s1.sounddriver.asm:1725-1742
866	1150	28	2	0x72738	0x66F4	154103	0x7273A	56	branch	not_taken	control_flow	WriteFMI@s1.sounddriver.asm:1725-1742
867	1150	28	2	0x7273A	0x13C0	154159	0x72740	119	linear	n/a	ordinary	WriteFMI@s1.sounddriver.asm:1725-1742
868	1150	28	2	0x72740	0x4E71	154278	0x72742	28	linear	n/a	ordinary	WriteFMI@s1.sounddriver.asm:1725-1742
869	1150	28	2	0x72742	0x4E71	154306	0x72744	28	linear	n/a	ordinary	WriteFMI@s1.sounddriver.asm:1725-1742
870	1150	28	2	0x72744	0x4E71	154334	0x72746	28	linear	n/a	ordinary	WriteFMI@s1.sounddriver.asm:1725-1742
871	1150	28	2	0x72746	0x1439	154362	0x7274C	119	linear	n/a	ordinary,busy_poll	WriteFMI@s1.sounddriver.asm:1725-1742
872	1150	28	2	0x7274C	0x0802	154481	0x72750	70	linear	n/a	ordinary,busy_poll	WriteFMI@s1.sounddriver.asm:1725-1742
873	1150	28	2	0x72750	0x66F4	154551	0x72752	56	branch	not_taken	control_flow,busy_poll	WriteFMI@s1.sounddriver.asm:1725-1742
874	1150	28	2	0x72752	0x13C1	154607	key_on	key_on	linear	n/a	ordinary,ym_write	WriteFMI@s1.sounddriver.asm:1725-1742
